
> dribdoweb@0.1.0 dev
> next dev

▲ Next.js 16.1.6 (Turbopack)
- Local:         http://localhost:3000
- Network:       http://192.168.54.130:3000
- Environments: .env.local
- Experiments (use with caution):
  · cpus: 1

✓ Starting...
Creating turbopack project { dir: 'C:\\Project-Web\\DridoudWeb', testMode: true }
Failed to benchmark file I/O: The system cannot find the path specified. (os error 3)
✓ Ready in 12.2s
○ Compiling /_not-found/page ...
○ Compiling / ...
 GET / 200 in 5.5s (compile: 4.1s, render: 1348ms)

-----
[1m[31mFATAL[39m[0m: An unexpected Turbopack error occurred. A panic log has been written to C:\Users\arzap\AppData\Local\Temp\next-panic-e554eeb43ed6b36fee1221e4ed151a00.log.

To help make Turbopack better, report this error by clicking here: https://github.com/vercel/next.js/discussions/new?category=turbopack-error-report&title=Turbopack%20Error%3A%20Failed%20to%20write%20app%20endpoint%20%2Fpage&body=Turbopack%20version%3A%20%6023c46498%60%0ANext.js%20version%3A%20%600.0.0%60%0A%0AError%20message%3A%0A%60%60%60%0ATurbopack%20Error%3A%20Failed%20to%20write%20app%20endpoint%20%2Fpage%0A%60%60%60&labels=Turbopack,Turbopack%20Panic%20Backtrace
-----


-----
[1m[31mFATAL[39m[0m: An unexpected Turbopack error occurred. A panic log has been written to C:\Users\arzap\AppData\Local\Temp\next-panic-e554eeb43ed6b36fee1221e4ed151a00.log.

To help make Turbopack better, report this error by clicking here: https://github.com/vercel/next.js/discussions/new?category=turbopack-error-report&title=Turbopack%20Error%3A%20Failed%20to%20write%20app%20endpoint%20%2Fpage&body=Turbopack%20version%3A%20%6023c46498%60%0ANext.js%20version%3A%20%600.0.0%60%0A%0AError%20message%3A%0A%60%60%60%0ATurbopack%20Error%3A%20Failed%20to%20write%20app%20endpoint%20%2Fpage%0A%60%60%60&labels=Turbopack,Turbopack%20Panic%20Backtrace
-----

 GET / 200 in 39.8s (compile: 27ms, render: 39.8s)

-----
[1m[31mFATAL[39m[0m: An unexpected Turbopack error occurred. A panic log has been written to C:\Users\arzap\AppData\Local\Temp\next-panic-e554eeb43ed6b36fee1221e4ed151a00.log.

To help make Turbopack better, report this error by clicking here: https://github.com/vercel/next.js/discussions/new?category=turbopack-error-report&title=Turbopack%20Error%3A%20Failed%20to%20write%20app%20endpoint%20%2Fpage&body=Turbopack%20version%3A%20%6023c46498%60%0ANext.js%20version%3A%20%600.0.0%60%0A%0AError%20message%3A%0A%60%60%60%0ATurbopack%20Error%3A%20Failed%20to%20write%20app%20endpoint%20%2Fpage%0A%60%60%60&labels=Turbopack,Turbopack%20Panic%20Backtrace
-----


-----
[1m[31mFATAL[39m[0m: An unexpected Turbopack error occurred. A panic log has been written to C:\Users\arzap\AppData\Local\Temp\next-panic-e554eeb43ed6b36fee1221e4ed151a00.log.

To help make Turbopack better, report this error by clicking here: https://github.com/vercel/next.js/discussions/new?category=turbopack-error-report&title=Turbopack%20Error%3A%20Failed%20to%20write%20app%20endpoint%20%2Fpage&body=Turbopack%20version%3A%20%6023c46498%60%0ANext.js%20version%3A%20%600.0.0%60%0A%0AError%20message%3A%0A%60%60%60%0ATurbopack%20Error%3A%20Failed%20to%20write%20app%20endpoint%20%2Fpage%0A%60%60%60&labels=Turbopack,Turbopack%20Panic%20Backtrace
-----

 GET / 200 in 18.3s (compile: 292ms, render: 18.0s)

-----
[1m[31mFATAL[39m[0m: An unexpected Turbopack error occurred. A panic log has been written to C:\Users\arzap\AppData\Local\Temp\next-panic-e554eeb43ed6b36fee1221e4ed151a00.log.

To help make Turbopack better, report this error by clicking here: https://github.com/vercel/next.js/discussions/new?category=turbopack-error-report&title=Turbopack%20Error%3A%20Failed%20to%20write%20app%20endpoint%20%2Fpage&body=Turbopack%20version%3A%20%6023c46498%60%0ANext.js%20version%3A%20%600.0.0%60%0A%0AError%20message%3A%0A%60%60%60%0ATurbopack%20Error%3A%20Failed%20to%20write%20app%20endpoint%20%2Fpage%0A%60%60%60&labels=Turbopack,Turbopack%20Panic%20Backtrace
-----

✓ Finished filesystem cache database compaction in 17.0s

-----
[1m[31mFATAL[39m[0m: An unexpected Turbopack error occurred. A panic log has been written to C:\Users\arzap\AppData\Local\Temp\next-panic-e554eeb43ed6b36fee1221e4ed151a00.log.

To help make Turbopack better, report this error by clicking here: https://github.com/vercel/next.js/discussions/new?category=turbopack-error-report&title=Turbopack%20Error%3A%20Failed%20to%20write%20app%20endpoint%20%2Fpage&body=Turbopack%20version%3A%20%6023c46498%60%0ANext.js%20version%3A%20%600.0.0%60%0A%0AError%20message%3A%0A%60%60%60%0ATurbopack%20Error%3A%20Failed%20to%20write%20app%20endpoint%20%2Fpage%0A%60%60%60&labels=Turbopack,Turbopack%20Panic%20Backtrace
-----

 GET / 200 in 8.1s (compile: 157ms, render: 7.9s)

-----
[1m[31mFATAL[39m[0m: An unexpected Turbopack error occurred. A panic log has been written to C:\Users\arzap\AppData\Local\Temp\next-panic-e554eeb43ed6b36fee1221e4ed151a00.log.

To help make Turbopack better, report this error by clicking here: https://github.com/vercel/next.js/discussions/new?category=turbopack-error-report&title=Turbopack%20Error%3A%20Failed%20to%20write%20app%20endpoint%20%2Fpage&body=Turbopack%20version%3A%20%6023c46498%60%0ANext.js%20version%3A%20%600.0.0%60%0A%0AError%20message%3A%0A%60%60%60%0ATurbopack%20Error%3A%20Failed%20to%20write%20app%20endpoint%20%2Fpage%0A%60%60%60&labels=Turbopack,Turbopack%20Panic%20Backtrace
-----


-----
[1m[31mFATAL[39m[0m: An unexpected Turbopack error occurred. A panic log has been written to C:\Users\arzap\AppData\Local\Temp\next-panic-e554eeb43ed6b36fee1221e4ed151a00.log.

To help make Turbopack better, report this error by clicking here: https://github.com/vercel/next.js/discussions/new?category=turbopack-error-report&title=Turbopack%20Error%3A%20Failed%20to%20write%20app%20endpoint%20%2Fpage&body=Turbopack%20version%3A%20%6023c46498%60%0ANext.js%20version%3A%20%600.0.0%60%0A%0AError%20message%3A%0A%60%60%60%0ATurbopack%20Error%3A%20Failed%20to%20write%20app%20endpoint%20%2Fpage%0A%60%60%60&labels=Turbopack,Turbopack%20Panic%20Backtrace
-----

 GET / 200 in 11.0s (compile: 61ms, render: 10.9s)
 GET / 200 in 5.5s (compile: 47ms, render: 5.5s)
 GET / 200 in 7.1s (compile: 29ms, render: 7.0s)
 GET / 200 in 1516ms (compile: 82ms, render: 1435ms)

-----
[1m[31mFATAL[39m[0m: An unexpected Turbopack error occurred. A panic log has been written to C:\Users\arzap\AppData\Local\Temp\next-panic-e554eeb43ed6b36fee1221e4ed151a00.log.

To help make Turbopack better, report this error by clicking here: https://github.com/vercel/next.js/discussions/new?category=turbopack-error-report&title=Turbopack%20Error%3A%20Failed%20to%20write%20app%20endpoint%20%2Fpage&body=Turbopack%20version%3A%20%6023c46498%60%0ANext.js%20version%3A%20%600.0.0%60%0A%0AError%20message%3A%0A%60%60%60%0ATurbopack%20Error%3A%20Failed%20to%20write%20app%20endpoint%20%2Fpage%0A%60%60%60&labels=Turbopack,Turbopack%20Panic%20Backtrace
-----


-----
[1m[31mFATAL[39m[0m: An unexpected Turbopack error occurred. A panic log has been written to C:\Users\arzap\AppData\Local\Temp\next-panic-e554eeb43ed6b36fee1221e4ed151a00.log.

To help make Turbopack better, report this error by clicking here: https://github.com/vercel/next.js/discussions/new?category=turbopack-error-report&title=Turbopack%20Error%3A%20Failed%20to%20write%20app%20endpoint%20%2Fpage&body=Turbopack%20version%3A%20%6023c46498%60%0ANext.js%20version%3A%20%600.0.0%60%0A%0AError%20message%3A%0A%60%60%60%0ATurbopack%20Error%3A%20Failed%20to%20write%20app%20endpoint%20%2Fpage%0A%60%60%60&labels=Turbopack,Turbopack%20Panic%20Backtrace
-----


-----
[1m[31mFATAL[39m[0m: An unexpected Turbopack error occurred. A panic log has been written to C:\Users\arzap\AppData\Local\Temp\next-panic-e554eeb43ed6b36fee1221e4ed151a00.log.

To help make Turbopack better, report this error by clicking here: https://github.com/vercel/next.js/discussions/new?category=turbopack-error-report&title=Turbopack%20Error%3A%20Failed%20to%20write%20app%20endpoint%20%2Fpage&body=Turbopack%20version%3A%20%6023c46498%60%0ANext.js%20version%3A%20%600.0.0%60%0A%0AError%20message%3A%0A%60%60%60%0ATurbopack%20Error%3A%20Failed%20to%20write%20app%20endpoint%20%2Fpage%0A%60%60%60&labels=Turbopack,Turbopack%20Panic%20Backtrace
-----


-----
[1m[31mFATAL[39m[0m: An unexpected Turbopack error occurred. A panic log has been written to C:\Users\arzap\AppData\Local\Temp\next-panic-e554eeb43ed6b36fee1221e4ed151a00.log.

To help make Turbopack better, report this error by clicking here: https://github.com/vercel/next.js/discussions/new?category=turbopack-error-report&title=Turbopack%20Error%3A%20Failed%20to%20write%20app%20endpoint%20%2Fpage&body=Turbopack%20version%3A%20%6023c46498%60%0ANext.js%20version%3A%20%600.0.0%60%0A%0AError%20message%3A%0A%60%60%60%0ATurbopack%20Error%3A%20Failed%20to%20write%20app%20endpoint%20%2Fpage%0A%60%60%60&labels=Turbopack,Turbopack%20Panic%20Backtrace
-----

 GET / 200 in 14.0s (compile: 83ms, render: 13.9s)

-----
[1m[31mFATAL[39m[0m: An unexpected Turbopack error occurred. A panic log has been written to C:\Users\arzap\AppData\Local\Temp\next-panic-e554eeb43ed6b36fee1221e4ed151a00.log.

To help make Turbopack better, report this error by clicking here: https://github.com/vercel/next.js/discussions/new?category=turbopack-error-report&title=Turbopack%20Error%3A%20Failed%20to%20write%20app%20endpoint%20%2Fpage&body=Turbopack%20version%3A%20%6023c46498%60%0ANext.js%20version%3A%20%600.0.0%60%0A%0AError%20message%3A%0A%60%60%60%0ATurbopack%20Error%3A%20Failed%20to%20write%20app%20endpoint%20%2Fpage%0A%60%60%60&labels=Turbopack,Turbopack%20Panic%20Backtrace
-----


-----
[1m[31mFATAL[39m[0m: An unexpected Turbopack error occurred. A panic log has been written to C:\Users\arzap\AppData\Local\Temp\next-panic-e554eeb43ed6b36fee1221e4ed151a00.log.

To help make Turbopack better, report this error by clicking here: https://github.com/vercel/next.js/discussions/new?category=turbopack-error-report&title=Turbopack%20Error%3A%20Failed%20to%20write%20app%20endpoint%20%2Fpage&body=Turbopack%20version%3A%20%6023c46498%60%0ANext.js%20version%3A%20%600.0.0%60%0A%0AError%20message%3A%0A%60%60%60%0ATurbopack%20Error%3A%20Failed%20to%20write%20app%20endpoint%20%2Fpage%0A%60%60%60&labels=Turbopack,Turbopack%20Panic%20Backtrace
-----

 GET / 200 in 9.2s (compile: 726ms, render: 8.5s)

-----
[1m[31mFATAL[39m[0m: An unexpected Turbopack error occurred. A panic log has been written to C:\Users\arzap\AppData\Local\Temp\next-panic-e554eeb43ed6b36fee1221e4ed151a00.log.

To help make Turbopack better, report this error by clicking here: https://github.com/vercel/next.js/discussions/new?category=turbopack-error-report&title=Turbopack%20Error%3A%20Failed%20to%20write%20app%20endpoint%20%2Fpage&body=Turbopack%20version%3A%20%6023c46498%60%0ANext.js%20version%3A%20%600.0.0%60%0A%0AError%20message%3A%0A%60%60%60%0ATurbopack%20Error%3A%20Failed%20to%20write%20app%20endpoint%20%2Fpage%0A%60%60%60&labels=Turbopack,Turbopack%20Panic%20Backtrace
-----


-----
[1m[31mFATAL[39m[0m: An unexpected Turbopack error occurred. A panic log has been written to C:\Users\arzap\AppData\Local\Temp\next-panic-e554eeb43ed6b36fee1221e4ed151a00.log.

To help make Turbopack better, report this error by clicking here: https://github.com/vercel/next.js/discussions/new?category=turbopack-error-report&title=Turbopack%20Error%3A%20Failed%20to%20write%20app%20endpoint%20%2Fpage&body=Turbopack%20version%3A%20%6023c46498%60%0ANext.js%20version%3A%20%600.0.0%60%0A%0AError%20message%3A%0A%60%60%60%0ATurbopack%20Error%3A%20Failed%20to%20write%20app%20endpoint%20%2Fpage%0A%60%60%60&labels=Turbopack,Turbopack%20Panic%20Backtrace
-----

 GET / 200 in 10.2s (compile: 116ms, render: 10.1s)

-----
[1m[31mFATAL[39m[0m: An unexpected Turbopack error occurred. A panic log has been written to C:\Users\arzap\AppData\Local\Temp\next-panic-e554eeb43ed6b36fee1221e4ed151a00.log.

To help make Turbopack better, report this error by clicking here: https://github.com/vercel/next.js/discussions/new?category=turbopack-error-report&title=Turbopack%20Error%3A%20Failed%20to%20write%20app%20endpoint%20%2Fpage&body=Turbopack%20version%3A%20%6023c46498%60%0ANext.js%20version%3A%20%600.0.0%60%0A%0AError%20message%3A%0A%60%60%60%0ATurbopack%20Error%3A%20Failed%20to%20write%20app%20endpoint%20%2Fpage%0A%60%60%60&labels=Turbopack,Turbopack%20Panic%20Backtrace
-----


-----
[1m[31mFATAL[39m[0m: An unexpected Turbopack error occurred. A panic log has been written to C:\Users\arzap\AppData\Local\Temp\next-panic-e554eeb43ed6b36fee1221e4ed151a00.log.

To help make Turbopack better, report this error by clicking here: https://github.com/vercel/next.js/discussions/new?category=turbopack-error-report&title=Turbopack%20Error%3A%20Failed%20to%20write%20app%20endpoint%20%2Fpage&body=Turbopack%20version%3A%20%6023c46498%60%0ANext.js%20version%3A%20%600.0.0%60%0A%0AError%20message%3A%0A%60%60%60%0ATurbopack%20Error%3A%20Failed%20to%20write%20app%20endpoint%20%2Fpage%0A%60%60%60&labels=Turbopack,Turbopack%20Panic%20Backtrace
-----

 GET / 200 in 10.4s (compile: 311ms, render: 10.1s)

-----
[1m[31mFATAL[39m[0m: An unexpected Turbopack error occurred. A panic log has been written to C:\Users\arzap\AppData\Local\Temp\next-panic-e554eeb43ed6b36fee1221e4ed151a00.log.

To help make Turbopack better, report this error by clicking here: https://github.com/vercel/next.js/discussions/new?category=turbopack-error-report&title=Turbopack%20Error%3A%20Failed%20to%20write%20app%20endpoint%20%2Fpage&body=Turbopack%20version%3A%20%6023c46498%60%0ANext.js%20version%3A%20%600.0.0%60%0A%0AError%20message%3A%0A%60%60%60%0ATurbopack%20Error%3A%20Failed%20to%20write%20app%20endpoint%20%2Fpage%0A%60%60%60&labels=Turbopack,Turbopack%20Panic%20Backtrace
-----


-----
[1m[31mFATAL[39m[0m: An unexpected Turbopack error occurred. A panic log has been written to C:\Users\arzap\AppData\Local\Temp\next-panic-e554eeb43ed6b36fee1221e4ed151a00.log.

To help make Turbopack better, report this error by clicking here: https://github.com/vercel/next.js/discussions/new?category=turbopack-error-report&title=Turbopack%20Error%3A%20Failed%20to%20write%20app%20endpoint%20%2Fpage&body=Turbopack%20version%3A%20%6023c46498%60%0ANext.js%20version%3A%20%600.0.0%60%0A%0AError%20message%3A%0A%60%60%60%0ATurbopack%20Error%3A%20Failed%20to%20write%20app%20endpoint%20%2Fpage%0A%60%60%60&labels=Turbopack,Turbopack%20Panic%20Backtrace
-----

 GET / 200 in 6.3s (compile: 46ms, render: 6.2s)
 GET / 200 in 1629ms (compile: 77ms, render: 1552ms)

-----
[1m[31mFATAL[39m[0m: An unexpected Turbopack error occurred. A panic log has been written to C:\Users\arzap\AppData\Local\Temp\next-panic-e554eeb43ed6b36fee1221e4ed151a00.log.

To help make Turbopack better, report this error by clicking here: https://github.com/vercel/next.js/discussions/new?category=turbopack-error-report&title=Turbopack%20Error%3A%20Failed%20to%20write%20app%20endpoint%20%2Fpage&body=Turbopack%20version%3A%20%6023c46498%60%0ANext.js%20version%3A%20%600.0.0%60%0A%0AError%20message%3A%0A%60%60%60%0ATurbopack%20Error%3A%20Failed%20to%20write%20app%20endpoint%20%2Fpage%0A%60%60%60&labels=Turbopack,Turbopack%20Panic%20Backtrace
-----


-----
[1m[31mFATAL[39m[0m: An unexpected Turbopack error occurred. A panic log has been written to C:\Users\arzap\AppData\Local\Temp\next-panic-e554eeb43ed6b36fee1221e4ed151a00.log.

To help make Turbopack better, report this error by clicking here: https://github.com/vercel/next.js/discussions/new?category=turbopack-error-report&title=Turbopack%20Error%3A%20Failed%20to%20write%20app%20endpoint%20%2Fpage&body=Turbopack%20version%3A%20%6023c46498%60%0ANext.js%20version%3A%20%600.0.0%60%0A%0AError%20message%3A%0A%60%60%60%0ATurbopack%20Error%3A%20Failed%20to%20write%20app%20endpoint%20%2Fpage%0A%60%60%60&labels=Turbopack,Turbopack%20Panic%20Backtrace
-----


-----
[1m[31mFATAL[39m[0m: An unexpected Turbopack error occurred. A panic log has been written to C:\Users\arzap\AppData\Local\Temp\next-panic-e554eeb43ed6b36fee1221e4ed151a00.log.

To help make Turbopack better, report this error by clicking here: https://github.com/vercel/next.js/discussions/new?category=turbopack-error-report&title=Turbopack%20Error%3A%20Failed%20to%20write%20app%20endpoint%20%2Fpage&body=Turbopack%20version%3A%20%6023c46498%60%0ANext.js%20version%3A%20%600.0.0%60%0A%0AError%20message%3A%0A%60%60%60%0ATurbopack%20Error%3A%20Failed%20to%20write%20app%20endpoint%20%2Fpage%0A%60%60%60&labels=Turbopack,Turbopack%20Panic%20Backtrace
-----


-----
[1m[31mFATAL[39m[0m: An unexpected Turbopack error occurred. A panic log has been written to C:\Users\arzap\AppData\Local\Temp\next-panic-e554eeb43ed6b36fee1221e4ed151a00.log.

To help make Turbopack better, report this error by clicking here: https://github.com/vercel/next.js/discussions/new?category=turbopack-error-report&title=Turbopack%20Error%3A%20Failed%20to%20write%20app%20endpoint%20%2Fpage&body=Turbopack%20version%3A%20%6023c46498%60%0ANext.js%20version%3A%20%600.0.0%60%0A%0AError%20message%3A%0A%60%60%60%0ATurbopack%20Error%3A%20Failed%20to%20write%20app%20endpoint%20%2Fpage%0A%60%60%60&labels=Turbopack,Turbopack%20Panic%20Backtrace
-----

 GET / 200 in 9.3s (compile: 116ms, render: 9.2s)

-----
[1m[31mFATAL[39m[0m: An unexpected Turbopack error occurred. A panic log has been written to C:\Users\arzap\AppData\Local\Temp\next-panic-e554eeb43ed6b36fee1221e4ed151a00.log.

To help make Turbopack better, report this error by clicking here: https://github.com/vercel/next.js/discussions/new?category=turbopack-error-report&title=Turbopack%20Error%3A%20Failed%20to%20write%20app%20endpoint%20%2Fpage&body=Turbopack%20version%3A%20%6023c46498%60%0ANext.js%20version%3A%20%600.0.0%60%0A%0AError%20message%3A%0A%60%60%60%0ATurbopack%20Error%3A%20Failed%20to%20write%20app%20endpoint%20%2Fpage%0A%60%60%60&labels=Turbopack,Turbopack%20Panic%20Backtrace
-----


-----
[1m[31mFATAL[39m[0m: An unexpected Turbopack error occurred. A panic log has been written to C:\Users\arzap\AppData\Local\Temp\next-panic-e554eeb43ed6b36fee1221e4ed151a00.log.

To help make Turbopack better, report this error by clicking here: https://github.com/vercel/next.js/discussions/new?category=turbopack-error-report&title=Turbopack%20Error%3A%20Failed%20to%20write%20app%20endpoint%20%2Fpage&body=Turbopack%20version%3A%20%6023c46498%60%0ANext.js%20version%3A%20%600.0.0%60%0A%0AError%20message%3A%0A%60%60%60%0ATurbopack%20Error%3A%20Failed%20to%20write%20app%20endpoint%20%2Fpage%0A%60%60%60&labels=Turbopack,Turbopack%20Panic%20Backtrace
-----

 GET / 200 in 8.5s (compile: 86ms, render: 8.4s)

-----
[1m[31mFATAL[39m[0m: An unexpected Turbopack error occurred. A panic log has been written to C:\Users\arzap\AppData\Local\Temp\next-panic-e554eeb43ed6b36fee1221e4ed151a00.log.

To help make Turbopack better, report this error by clicking here: https://github.com/vercel/next.js/discussions/new?category=turbopack-error-report&title=Turbopack%20Error%3A%20Failed%20to%20write%20app%20endpoint%20%2Fpage&body=Turbopack%20version%3A%20%6023c46498%60%0ANext.js%20version%3A%20%600.0.0%60%0A%0AError%20message%3A%0A%60%60%60%0ATurbopack%20Error%3A%20Failed%20to%20write%20app%20endpoint%20%2Fpage%0A%60%60%60&labels=Turbopack,Turbopack%20Panic%20Backtrace
-----


-----
[1m[31mFATAL[39m[0m: An unexpected Turbopack error occurred. A panic log has been written to C:\Users\arzap\AppData\Local\Temp\next-panic-e554eeb43ed6b36fee1221e4ed151a00.log.

To help make Turbopack better, report this error by clicking here: https://github.com/vercel/next.js/discussions/new?category=turbopack-error-report&title=Turbopack%20Error%3A%20Failed%20to%20write%20app%20endpoint%20%2Fpage&body=Turbopack%20version%3A%20%6023c46498%60%0ANext.js%20version%3A%20%600.0.0%60%0A%0AError%20message%3A%0A%60%60%60%0ATurbopack%20Error%3A%20Failed%20to%20write%20app%20endpoint%20%2Fpage%0A%60%60%60&labels=Turbopack,Turbopack%20Panic%20Backtrace
-----

 GET / 200 in 8.8s (compile: 38ms, render: 8.8s)

-----
[1m[31mFATAL[39m[0m: An unexpected Turbopack error occurred. A panic log has been written to C:\Users\arzap\AppData\Local\Temp\next-panic-e554eeb43ed6b36fee1221e4ed151a00.log.

To help make Turbopack better, report this error by clicking here: https://github.com/vercel/next.js/discussions/new?category=turbopack-error-report&title=Turbopack%20Error%3A%20Failed%20to%20write%20app%20endpoint%20%2Fpage&body=Turbopack%20version%3A%20%6023c46498%60%0ANext.js%20version%3A%20%600.0.0%60%0A%0AError%20message%3A%0A%60%60%60%0ATurbopack%20Error%3A%20Failed%20to%20write%20app%20endpoint%20%2Fpage%0A%60%60%60&labels=Turbopack,Turbopack%20Panic%20Backtrace
-----

 GET / 200 in 3.9s (compile: 109ms, render: 3.8s)

-----
[1m[31mFATAL[39m[0m: An unexpected Turbopack error occurred. A panic log has been written to C:\Users\arzap\AppData\Local\Temp\next-panic-e554eeb43ed6b36fee1221e4ed151a00.log.

To help make Turbopack better, report this error by clicking here: https://github.com/vercel/next.js/discussions/new?category=turbopack-error-report&title=Turbopack%20Error%3A%20Failed%20to%20write%20app%20endpoint%20%2Fpage&body=Turbopack%20version%3A%20%6023c46498%60%0ANext.js%20version%3A%20%600.0.0%60%0A%0AError%20message%3A%0A%60%60%60%0ATurbopack%20Error%3A%20Failed%20to%20write%20app%20endpoint%20%2Fpage%0A%60%60%60&labels=Turbopack,Turbopack%20Panic%20Backtrace
-----


-----
[1m[31mFATAL[39m[0m: An unexpected Turbopack error occurred. A panic log has been written to C:\Users\arzap\AppData\Local\Temp\next-panic-e554eeb43ed6b36fee1221e4ed151a00.log.

To help make Turbopack better, report this error by clicking here: https://github.com/vercel/next.js/discussions/new?category=turbopack-error-report&title=Turbopack%20Error%3A%20Failed%20to%20write%20app%20endpoint%20%2Fpage&body=Turbopack%20version%3A%20%6023c46498%60%0ANext.js%20version%3A%20%600.0.0%60%0A%0AError%20message%3A%0A%60%60%60%0ATurbopack%20Error%3A%20Failed%20to%20write%20app%20endpoint%20%2Fpage%0A%60%60%60&labels=Turbopack,Turbopack%20Panic%20Backtrace
-----

 GET / 200 in 3.7s (compile: 28ms, render: 3.7s)
 GET / 200 in 1121ms (compile: 21ms, render: 1101ms)

-----
[1m[31mFATAL[39m[0m: An unexpected Turbopack error occurred. A panic log has been written to C:\Users\arzap\AppData\Local\Temp\next-panic-e554eeb43ed6b36fee1221e4ed151a00.log.

To help make Turbopack better, report this error by clicking here: https://github.com/vercel/next.js/discussions/new?category=turbopack-error-report&title=Turbopack%20Error%3A%20Failed%20to%20write%20app%20endpoint%20%2Fpage&body=Turbopack%20version%3A%20%6023c46498%60%0ANext.js%20version%3A%20%600.0.0%60%0A%0AError%20message%3A%0A%60%60%60%0ATurbopack%20Error%3A%20Failed%20to%20write%20app%20endpoint%20%2Fpage%0A%60%60%60&labels=Turbopack,Turbopack%20Panic%20Backtrace
-----

 GET / 200 in 2.7s (compile: 15ms, render: 2.6s)

-----
[1m[31mFATAL[39m[0m: An unexpected Turbopack error occurred. A panic log has been written to C:\Users\arzap\AppData\Local\Temp\next-panic-e554eeb43ed6b36fee1221e4ed151a00.log.

To help make Turbopack better, report this error by clicking here: https://github.com/vercel/next.js/discussions/new?category=turbopack-error-report&title=Turbopack%20Error%3A%20Failed%20to%20write%20app%20endpoint%20%2Fpage&body=Turbopack%20version%3A%20%6023c46498%60%0ANext.js%20version%3A%20%600.0.0%60%0A%0AError%20message%3A%0A%60%60%60%0ATurbopack%20Error%3A%20Failed%20to%20write%20app%20endpoint%20%2Fpage%0A%60%60%60&labels=Turbopack,Turbopack%20Panic%20Backtrace
-----

 GET / 200 in 1751ms (compile: 22ms, render: 1728ms)

-----
[1m[31mFATAL[39m[0m: An unexpected Turbopack error occurred. A panic log has been written to C:\Users\arzap\AppData\Local\Temp\next-panic-e554eeb43ed6b36fee1221e4ed151a00.log.

To help make Turbopack better, report this error by clicking here: https://github.com/vercel/next.js/discussions/new?category=turbopack-error-report&title=Turbopack%20Error%3A%20Failed%20to%20write%20app%20endpoint%20%2Fpage&body=Turbopack%20version%3A%20%6023c46498%60%0ANext.js%20version%3A%20%600.0.0%60%0A%0AError%20message%3A%0A%60%60%60%0ATurbopack%20Error%3A%20Failed%20to%20write%20app%20endpoint%20%2Fpage%0A%60%60%60&labels=Turbopack,Turbopack%20Panic%20Backtrace
-----

 GET / 200 in 1738ms (compile: 18ms, render: 1720ms)

-----
[1m[31mFATAL[39m[0m: An unexpected Turbopack error occurred. A panic log has been written to C:\Users\arzap\AppData\Local\Temp\next-panic-e554eeb43ed6b36fee1221e4ed151a00.log.

To help make Turbopack better, report this error by clicking here: https://github.com/vercel/next.js/discussions/new?category=turbopack-error-report&title=Turbopack%20Error%3A%20Failed%20to%20write%20app%20endpoint%20%2Fpage&body=Turbopack%20version%3A%20%6023c46498%60%0ANext.js%20version%3A%20%600.0.0%60%0A%0AError%20message%3A%0A%60%60%60%0ATurbopack%20Error%3A%20Failed%20to%20write%20app%20endpoint%20%2Fpage%0A%60%60%60&labels=Turbopack,Turbopack%20Panic%20Backtrace
-----

 GET / 200 in 1899ms (compile: 27ms, render: 1872ms)

-----
[1m[31mFATAL[39m[0m: An unexpected Turbopack error occurred. A panic log has been written to C:\Users\arzap\AppData\Local\Temp\next-panic-e554eeb43ed6b36fee1221e4ed151a00.log.

To help make Turbopack better, report this error by clicking here: https://github.com/vercel/next.js/discussions/new?category=turbopack-error-report&title=Turbopack%20Error%3A%20Failed%20to%20write%20app%20endpoint%20%2Fpage&body=Turbopack%20version%3A%20%6023c46498%60%0ANext.js%20version%3A%20%600.0.0%60%0A%0AError%20message%3A%0A%60%60%60%0ATurbopack%20Error%3A%20Failed%20to%20write%20app%20endpoint%20%2Fpage%0A%60%60%60&labels=Turbopack,Turbopack%20Panic%20Backtrace
-----

 GET / 200 in 713ms (compile: 14ms, render: 699ms)

-----
[1m[31mFATAL[39m[0m: An unexpected Turbopack error occurred. A panic log has been written to C:\Users\arzap\AppData\Local\Temp\next-panic-e554eeb43ed6b36fee1221e4ed151a00.log.

To help make Turbopack better, report this error by clicking here: https://github.com/vercel/next.js/discussions/new?category=turbopack-error-report&title=Turbopack%20Error%3A%20Failed%20to%20write%20app%20endpoint%20%2Fpage&body=Turbopack%20version%3A%20%6023c46498%60%0ANext.js%20version%3A%20%600.0.0%60%0A%0AError%20message%3A%0A%60%60%60%0ATurbopack%20Error%3A%20Failed%20to%20write%20app%20endpoint%20%2Fpage%0A%60%60%60&labels=Turbopack,Turbopack%20Panic%20Backtrace
-----

 GET / 200 in 836ms (compile: 26ms, render: 811ms)

-----
[1m[31mFATAL[39m[0m: An unexpected Turbopack error occurred. A panic log has been written to C:\Users\arzap\AppData\Local\Temp\next-panic-e554eeb43ed6b36fee1221e4ed151a00.log.

To help make Turbopack better, report this error by clicking here: https://github.com/vercel/next.js/discussions/new?category=turbopack-error-report&title=Turbopack%20Error%3A%20Failed%20to%20write%20app%20endpoint%20%2Fpage&body=Turbopack%20version%3A%20%6023c46498%60%0ANext.js%20version%3A%20%600.0.0%60%0A%0AError%20message%3A%0A%60%60%60%0ATurbopack%20Error%3A%20Failed%20to%20write%20app%20endpoint%20%2Fpage%0A%60%60%60&labels=Turbopack,Turbopack%20Panic%20Backtrace
-----

 GET / 200 in 903ms (compile: 11ms, render: 891ms)

-----
[1m[31mFATAL[39m[0m: An unexpected Turbopack error occurred. A panic log has been written to C:\Users\arzap\AppData\Local\Temp\next-panic-e554eeb43ed6b36fee1221e4ed151a00.log.

To help make Turbopack better, report this error by clicking here: https://github.com/vercel/next.js/discussions/new?category=turbopack-error-report&title=Turbopack%20Error%3A%20Failed%20to%20write%20app%20endpoint%20%2Fpage&body=Turbopack%20version%3A%20%6023c46498%60%0ANext.js%20version%3A%20%600.0.0%60%0A%0AError%20message%3A%0A%60%60%60%0ATurbopack%20Error%3A%20Failed%20to%20write%20app%20endpoint%20%2Fpage%0A%60%60%60&labels=Turbopack,Turbopack%20Panic%20Backtrace
-----

 GET / 200 in 1549ms (compile: 44ms, render: 1506ms)

-----
[1m[31mFATAL[39m[0m: An unexpected Turbopack error occurred. A panic log has been written to C:\Users\arzap\AppData\Local\Temp\next-panic-e554eeb43ed6b36fee1221e4ed151a00.log.

To help make Turbopack better, report this error by clicking here: https://github.com/vercel/next.js/discussions/new?category=turbopack-error-report&title=Turbopack%20Error%3A%20Failed%20to%20write%20app%20endpoint%20%2Fpage&body=Turbopack%20version%3A%20%6023c46498%60%0ANext.js%20version%3A%20%600.0.0%60%0A%0AError%20message%3A%0A%60%60%60%0ATurbopack%20Error%3A%20Failed%20to%20write%20app%20endpoint%20%2Fpage%0A%60%60%60&labels=Turbopack,Turbopack%20Panic%20Backtrace
-----


-----
[1m[31mFATAL[39m[0m: An unexpected Turbopack error occurred. A panic log has been written to C:\Users\arzap\AppData\Local\Temp\next-panic-e554eeb43ed6b36fee1221e4ed151a00.log.

To help make Turbopack better, report this error by clicking here: https://github.com/vercel/next.js/discussions/new?category=turbopack-error-report&title=Turbopack%20Error%3A%20Failed%20to%20write%20app%20endpoint%20%2Fpage&body=Turbopack%20version%3A%20%6023c46498%60%0ANext.js%20version%3A%20%600.0.0%60%0A%0AError%20message%3A%0A%60%60%60%0ATurbopack%20Error%3A%20Failed%20to%20write%20app%20endpoint%20%2Fpage%0A%60%60%60&labels=Turbopack,Turbopack%20Panic%20Backtrace
-----


-----
[1m[31mFATAL[39m[0m: An unexpected Turbopack error occurred. A panic log has been written to C:\Users\arzap\AppData\Local\Temp\next-panic-e554eeb43ed6b36fee1221e4ed151a00.log.

To help make Turbopack better, report this error by clicking here: https://github.com/vercel/next.js/discussions/new?category=turbopack-error-report&title=Turbopack%20Error%3A%20Failed%20to%20write%20app%20endpoint%20%2Fpage&body=Turbopack%20version%3A%20%6023c46498%60%0ANext.js%20version%3A%20%600.0.0%60%0A%0AError%20message%3A%0A%60%60%60%0ATurbopack%20Error%3A%20Failed%20to%20write%20app%20endpoint%20%2Fpage%0A%60%60%60&labels=Turbopack,Turbopack%20Panic%20Backtrace
-----

 GET / 200 in 7.9s (compile: 10ms, render: 7.9s)
 GET / 200 in 4.5s (compile: 71ms, render: 4.5s)

-----
[1m[31mFATAL[39m[0m: An unexpected Turbopack error occurred. A panic log has been written to C:\Users\arzap\AppData\Local\Temp\next-panic-e554eeb43ed6b36fee1221e4ed151a00.log.

To help make Turbopack better, report this error by clicking here: https://github.com/vercel/next.js/discussions/new?category=turbopack-error-report&title=Turbopack%20Error%3A%20Failed%20to%20write%20app%20endpoint%20%2Fpage&body=Turbopack%20version%3A%20%6023c46498%60%0ANext.js%20version%3A%20%600.0.0%60%0A%0AError%20message%3A%0A%60%60%60%0ATurbopack%20Error%3A%20Failed%20to%20write%20app%20endpoint%20%2Fpage%0A%60%60%60&labels=Turbopack,Turbopack%20Panic%20Backtrace
-----

 GET / 200 in 710ms (compile: 14ms, render: 696ms)

-----
[1m[31mFATAL[39m[0m: An unexpected Turbopack error occurred. A panic log has been written to C:\Users\arzap\AppData\Local\Temp\next-panic-e554eeb43ed6b36fee1221e4ed151a00.log.

To help make Turbopack better, report this error by clicking here: https://github.com/vercel/next.js/discussions/new?category=turbopack-error-report&title=Turbopack%20Error%3A%20Failed%20to%20write%20app%20endpoint%20%2Fpage&body=Turbopack%20version%3A%20%6023c46498%60%0ANext.js%20version%3A%20%600.0.0%60%0A%0AError%20message%3A%0A%60%60%60%0ATurbopack%20Error%3A%20Failed%20to%20write%20app%20endpoint%20%2Fpage%0A%60%60%60&labels=Turbopack,Turbopack%20Panic%20Backtrace
-----

 GET / 200 in 7.0s (compile: 18ms, render: 7.0s)

-----
[1m[31mFATAL[39m[0m: An unexpected Turbopack error occurred. A panic log has been written to C:\Users\arzap\AppData\Local\Temp\next-panic-e554eeb43ed6b36fee1221e4ed151a00.log.

To help make Turbopack better, report this error by clicking here: https://github.com/vercel/next.js/discussions/new?category=turbopack-error-report&title=Turbopack%20Error%3A%20Failed%20to%20write%20app%20endpoint%20%2Fpage&body=Turbopack%20version%3A%20%6023c46498%60%0ANext.js%20version%3A%20%600.0.0%60%0A%0AError%20message%3A%0A%60%60%60%0ATurbopack%20Error%3A%20Failed%20to%20write%20app%20endpoint%20%2Fpage%0A%60%60%60&labels=Turbopack,Turbopack%20Panic%20Backtrace
-----

 GET / 200 in 902ms (compile: 49ms, render: 852ms)

-----
[1m[31mFATAL[39m[0m: An unexpected Turbopack error occurred. A panic log has been written to C:\Users\arzap\AppData\Local\Temp\next-panic-e554eeb43ed6b36fee1221e4ed151a00.log.

To help make Turbopack better, report this error by clicking here: https://github.com/vercel/next.js/discussions/new?category=turbopack-error-report&title=Turbopack%20Error%3A%20Failed%20to%20write%20app%20endpoint%20%2Fpage&body=Turbopack%20version%3A%20%6023c46498%60%0ANext.js%20version%3A%20%600.0.0%60%0A%0AError%20message%3A%0A%60%60%60%0ATurbopack%20Error%3A%20Failed%20to%20write%20app%20endpoint%20%2Fpage%0A%60%60%60&labels=Turbopack,Turbopack%20Panic%20Backtrace
-----

 GET / 200 in 1034ms (compile: 12ms, render: 1023ms)

-----
[1m[31mFATAL[39m[0m: An unexpected Turbopack error occurred. A panic log has been written to C:\Users\arzap\AppData\Local\Temp\next-panic-e554eeb43ed6b36fee1221e4ed151a00.log.

To help make Turbopack better, report this error by clicking here: https://github.com/vercel/next.js/discussions/new?category=turbopack-error-report&title=Turbopack%20Error%3A%20Failed%20to%20write%20app%20endpoint%20%2Fpage&body=Turbopack%20version%3A%20%6023c46498%60%0ANext.js%20version%3A%20%600.0.0%60%0A%0AError%20message%3A%0A%60%60%60%0ATurbopack%20Error%3A%20Failed%20to%20write%20app%20endpoint%20%2Fpage%0A%60%60%60&labels=Turbopack,Turbopack%20Panic%20Backtrace
-----

 GET / 200 in 1710ms (compile: 20ms, render: 1689ms)

-----
[1m[31mFATAL[39m[0m: An unexpected Turbopack error occurred. A panic log has been written to C:\Users\arzap\AppData\Local\Temp\next-panic-e554eeb43ed6b36fee1221e4ed151a00.log.

To help make Turbopack better, report this error by clicking here: https://github.com/vercel/next.js/discussions/new?category=turbopack-error-report&title=Turbopack%20Error%3A%20Failed%20to%20write%20app%20endpoint%20%2Fpage&body=Turbopack%20version%3A%20%6023c46498%60%0ANext.js%20version%3A%20%600.0.0%60%0A%0AError%20message%3A%0A%60%60%60%0ATurbopack%20Error%3A%20Failed%20to%20write%20app%20endpoint%20%2Fpage%0A%60%60%60&labels=Turbopack,Turbopack%20Panic%20Backtrace
-----

 GET / 200 in 612ms (compile: 15ms, render: 597ms)

-----
[1m[31mFATAL[39m[0m: An unexpected Turbopack error occurred. A panic log has been written to C:\Users\arzap\AppData\Local\Temp\next-panic-e554eeb43ed6b36fee1221e4ed151a00.log.

To help make Turbopack better, report this error by clicking here: https://github.com/vercel/next.js/discussions/new?category=turbopack-error-report&title=Turbopack%20Error%3A%20Failed%20to%20write%20app%20endpoint%20%2Fpage&body=Turbopack%20version%3A%20%6023c46498%60%0ANext.js%20version%3A%20%600.0.0%60%0A%0AError%20message%3A%0A%60%60%60%0ATurbopack%20Error%3A%20Failed%20to%20write%20app%20endpoint%20%2Fpage%0A%60%60%60&labels=Turbopack,Turbopack%20Panic%20Backtrace
-----

 GET / 200 in 1108ms (compile: 12ms, render: 1097ms)

-----
[1m[31mFATAL[39m[0m: An unexpected Turbopack error occurred. A panic log has been written to C:\Users\arzap\AppData\Local\Temp\next-panic-e554eeb43ed6b36fee1221e4ed151a00.log.

To help make Turbopack better, report this error by clicking here: https://github.com/vercel/next.js/discussions/new?category=turbopack-error-report&title=Turbopack%20Error%3A%20Failed%20to%20write%20app%20endpoint%20%2Fpage&body=Turbopack%20version%3A%20%6023c46498%60%0ANext.js%20version%3A%20%600.0.0%60%0A%0AError%20message%3A%0A%60%60%60%0ATurbopack%20Error%3A%20Failed%20to%20write%20app%20endpoint%20%2Fpage%0A%60%60%60&labels=Turbopack,Turbopack%20Panic%20Backtrace
-----

 GET / 200 in 980ms (compile: 61ms, render: 918ms)

-----
[1m[31mFATAL[39m[0m: An unexpected Turbopack error occurred. A panic log has been written to C:\Users\arzap\AppData\Local\Temp\next-panic-e554eeb43ed6b36fee1221e4ed151a00.log.

To help make Turbopack better, report this error by clicking here: https://github.com/vercel/next.js/discussions/new?category=turbopack-error-report&title=Turbopack%20Error%3A%20Failed%20to%20write%20app%20endpoint%20%2Fpage&body=Turbopack%20version%3A%20%6023c46498%60%0ANext.js%20version%3A%20%600.0.0%60%0A%0AError%20message%3A%0A%60%60%60%0ATurbopack%20Error%3A%20Failed%20to%20write%20app%20endpoint%20%2Fpage%0A%60%60%60&labels=Turbopack,Turbopack%20Panic%20Backtrace
-----

 GET / 200 in 642ms (compile: 14ms, render: 628ms)

-----
[1m[31mFATAL[39m[0m: An unexpected Turbopack error occurred. A panic log has been written to C:\Users\arzap\AppData\Local\Temp\next-panic-e554eeb43ed6b36fee1221e4ed151a00.log.

To help make Turbopack better, report this error by clicking here: https://github.com/vercel/next.js/discussions/new?category=turbopack-error-report&title=Turbopack%20Error%3A%20Failed%20to%20write%20app%20endpoint%20%2Fpage&body=Turbopack%20version%3A%20%6023c46498%60%0ANext.js%20version%3A%20%600.0.0%60%0A%0AError%20message%3A%0A%60%60%60%0ATurbopack%20Error%3A%20Failed%20to%20write%20app%20endpoint%20%2Fpage%0A%60%60%60&labels=Turbopack,Turbopack%20Panic%20Backtrace
-----

 GET / 200 in 1194ms (compile: 14ms, render: 1180ms)

-----
[1m[31mFATAL[39m[0m: An unexpected Turbopack error occurred. A panic log has been written to C:\Users\arzap\AppData\Local\Temp\next-panic-e554eeb43ed6b36fee1221e4ed151a00.log.

To help make Turbopack better, report this error by clicking here: https://github.com/vercel/next.js/discussions/new?category=turbopack-error-report&title=Turbopack%20Error%3A%20Failed%20to%20write%20app%20endpoint%20%2Fpage&body=Turbopack%20version%3A%20%6023c46498%60%0ANext.js%20version%3A%20%600.0.0%60%0A%0AError%20message%3A%0A%60%60%60%0ATurbopack%20Error%3A%20Failed%20to%20write%20app%20endpoint%20%2Fpage%0A%60%60%60&labels=Turbopack,Turbopack%20Panic%20Backtrace
-----

 GET / 200 in 670ms (compile: 15ms, render: 655ms)

-----
[1m[31mFATAL[39m[0m: An unexpected Turbopack error occurred. A panic log has been written to C:\Users\arzap\AppData\Local\Temp\next-panic-e554eeb43ed6b36fee1221e4ed151a00.log.

To help make Turbopack better, report this error by clicking here: https://github.com/vercel/next.js/discussions/new?category=turbopack-error-report&title=Turbopack%20Error%3A%20Failed%20to%20write%20app%20endpoint%20%2Fpage&body=Turbopack%20version%3A%20%6023c46498%60%0ANext.js%20version%3A%20%600.0.0%60%0A%0AError%20message%3A%0A%60%60%60%0ATurbopack%20Error%3A%20Failed%20to%20write%20app%20endpoint%20%2Fpage%0A%60%60%60&labels=Turbopack,Turbopack%20Panic%20Backtrace
-----

 GET / 200 in 563ms (compile: 12ms, render: 551ms)

-----
[1m[31mFATAL[39m[0m: An unexpected Turbopack error occurred. A panic log has been written to C:\Users\arzap\AppData\Local\Temp\next-panic-e554eeb43ed6b36fee1221e4ed151a00.log.

To help make Turbopack better, report this error by clicking here: https://github.com/vercel/next.js/discussions/new?category=turbopack-error-report&title=Turbopack%20Error%3A%20Failed%20to%20write%20app%20endpoint%20%2Fpage&body=Turbopack%20version%3A%20%6023c46498%60%0ANext.js%20version%3A%20%600.0.0%60%0A%0AError%20message%3A%0A%60%60%60%0ATurbopack%20Error%3A%20Failed%20to%20write%20app%20endpoint%20%2Fpage%0A%60%60%60&labels=Turbopack,Turbopack%20Panic%20Backtrace
-----

 GET / 200 in 520ms (compile: 22ms, render: 499ms)
 GET / 200 in 1123ms (compile: 8ms, render: 1115ms)

-----
[1m[31mFATAL[39m[0m: An unexpected Turbopack error occurred. A panic log has been written to C:\Users\arzap\AppData\Local\Temp\next-panic-e554eeb43ed6b36fee1221e4ed151a00.log.

To help make Turbopack better, report this error by clicking here: https://github.com/vercel/next.js/discussions/new?category=turbopack-error-report&title=Turbopack%20Error%3A%20Failed%20to%20write%20app%20endpoint%20%2Fpage&body=Turbopack%20version%3A%20%6023c46498%60%0ANext.js%20version%3A%20%600.0.0%60%0A%0AError%20message%3A%0A%60%60%60%0ATurbopack%20Error%3A%20Failed%20to%20write%20app%20endpoint%20%2Fpage%0A%60%60%60&labels=Turbopack,Turbopack%20Panic%20Backtrace
-----

 GET / 200 in 523ms (compile: 11ms, render: 513ms)

-----
[1m[31mFATAL[39m[0m: An unexpected Turbopack error occurred. A panic log has been written to C:\Users\arzap\AppData\Local\Temp\next-panic-e554eeb43ed6b36fee1221e4ed151a00.log.

To help make Turbopack better, report this error by clicking here: https://github.com/vercel/next.js/discussions/new?category=turbopack-error-report&title=Turbopack%20Error%3A%20Failed%20to%20write%20app%20endpoint%20%2Fpage&body=Turbopack%20version%3A%20%6023c46498%60%0ANext.js%20version%3A%20%600.0.0%60%0A%0AError%20message%3A%0A%60%60%60%0ATurbopack%20Error%3A%20Failed%20to%20write%20app%20endpoint%20%2Fpage%0A%60%60%60&labels=Turbopack,Turbopack%20Panic%20Backtrace
-----

 GET / 200 in 1613ms (compile: 22ms, render: 1592ms)

-----
[1m[31mFATAL[39m[0m: An unexpected Turbopack error occurred. A panic log has been written to C:\Users\arzap\AppData\Local\Temp\next-panic-e554eeb43ed6b36fee1221e4ed151a00.log.

To help make Turbopack better, report this error by clicking here: https://github.com/vercel/next.js/discussions/new?category=turbopack-error-report&title=Turbopack%20Error%3A%20Failed%20to%20write%20app%20endpoint%20%2Fpage&body=Turbopack%20version%3A%20%6023c46498%60%0ANext.js%20version%3A%20%600.0.0%60%0A%0AError%20message%3A%0A%60%60%60%0ATurbopack%20Error%3A%20Failed%20to%20write%20app%20endpoint%20%2Fpage%0A%60%60%60&labels=Turbopack,Turbopack%20Panic%20Backtrace
-----

 GET / 200 in 1409ms (compile: 26ms, render: 1383ms)

-----
[1m[31mFATAL[39m[0m: An unexpected Turbopack error occurred. A panic log has been written to C:\Users\arzap\AppData\Local\Temp\next-panic-e554eeb43ed6b36fee1221e4ed151a00.log.

To help make Turbopack better, report this error by clicking here: https://github.com/vercel/next.js/discussions/new?category=turbopack-error-report&title=Turbopack%20Error%3A%20Failed%20to%20write%20app%20endpoint%20%2Fpage&body=Turbopack%20version%3A%20%6023c46498%60%0ANext.js%20version%3A%20%600.0.0%60%0A%0AError%20message%3A%0A%60%60%60%0ATurbopack%20Error%3A%20Failed%20to%20write%20app%20endpoint%20%2Fpage%0A%60%60%60&labels=Turbopack,Turbopack%20Panic%20Backtrace
-----


-----
[1m[31mFATAL[39m[0m: An unexpected Turbopack error occurred. A panic log has been written to C:\Users\arzap\AppData\Local\Temp\next-panic-e554eeb43ed6b36fee1221e4ed151a00.log.

To help make Turbopack better, report this error by clicking here: https://github.com/vercel/next.js/discussions/new?category=turbopack-error-report&title=Turbopack%20Error%3A%20Failed%20to%20write%20app%20endpoint%20%2Fpage&body=Turbopack%20version%3A%20%6023c46498%60%0ANext.js%20version%3A%20%600.0.0%60%0A%0AError%20message%3A%0A%60%60%60%0ATurbopack%20Error%3A%20Failed%20to%20write%20app%20endpoint%20%2Fpage%0A%60%60%60&labels=Turbopack,Turbopack%20Panic%20Backtrace
-----

 GET / 200 in 3.3s (compile: 23ms, render: 3.3s)

-----
[1m[31mFATAL[39m[0m: An unexpected Turbopack error occurred. A panic log has been written to C:\Users\arzap\AppData\Local\Temp\next-panic-e554eeb43ed6b36fee1221e4ed151a00.log.

To help make Turbopack better, report this error by clicking here: https://github.com/vercel/next.js/discussions/new?category=turbopack-error-report&title=Turbopack%20Error%3A%20Failed%20to%20write%20app%20endpoint%20%2Fpage&body=Turbopack%20version%3A%20%6023c46498%60%0ANext.js%20version%3A%20%600.0.0%60%0A%0AError%20message%3A%0A%60%60%60%0ATurbopack%20Error%3A%20Failed%20to%20write%20app%20endpoint%20%2Fpage%0A%60%60%60&labels=Turbopack,Turbopack%20Panic%20Backtrace
-----

 GET / 200 in 2.7s (compile: 16ms, render: 2.7s)
 GET / 200 in 2.2s (compile: 13ms, render: 2.2s)

-----
[1m[31mFATAL[39m[0m: An unexpected Turbopack error occurred. A panic log has been written to C:\Users\arzap\AppData\Local\Temp\next-panic-e554eeb43ed6b36fee1221e4ed151a00.log.

To help make Turbopack better, report this error by clicking here: https://github.com/vercel/next.js/discussions/new?category=turbopack-error-report&title=Turbopack%20Error%3A%20Failed%20to%20write%20app%20endpoint%20%2Fpage&body=Turbopack%20version%3A%20%6023c46498%60%0ANext.js%20version%3A%20%600.0.0%60%0A%0AError%20message%3A%0A%60%60%60%0ATurbopack%20Error%3A%20Failed%20to%20write%20app%20endpoint%20%2Fpage%0A%60%60%60&labels=Turbopack,Turbopack%20Panic%20Backtrace
-----

 GET / 200 in 3.9s (compile: 30ms, render: 3.9s)

-----
[1m[31mFATAL[39m[0m: An unexpected Turbopack error occurred. A panic log has been written to C:\Users\arzap\AppData\Local\Temp\next-panic-e554eeb43ed6b36fee1221e4ed151a00.log.

To help make Turbopack better, report this error by clicking here: https://github.com/vercel/next.js/discussions/new?category=turbopack-error-report&title=Turbopack%20Error%3A%20Failed%20to%20write%20app%20endpoint%20%2Fpage&body=Turbopack%20version%3A%20%6023c46498%60%0ANext.js%20version%3A%20%600.0.0%60%0A%0AError%20message%3A%0A%60%60%60%0ATurbopack%20Error%3A%20Failed%20to%20write%20app%20endpoint%20%2Fpage%0A%60%60%60&labels=Turbopack,Turbopack%20Panic%20Backtrace
-----

 GET / 200 in 3.0s (compile: 19ms, render: 3.0s)

-----
[1m[31mFATAL[39m[0m: An unexpected Turbopack error occurred. A panic log has been written to C:\Users\arzap\AppData\Local\Temp\next-panic-e554eeb43ed6b36fee1221e4ed151a00.log.

To help make Turbopack better, report this error by clicking here: https://github.com/vercel/next.js/discussions/new?category=turbopack-error-report&title=Turbopack%20Error%3A%20Failed%20to%20write%20app%20endpoint%20%2Fpage&body=Turbopack%20version%3A%20%6023c46498%60%0ANext.js%20version%3A%20%600.0.0%60%0A%0AError%20message%3A%0A%60%60%60%0ATurbopack%20Error%3A%20Failed%20to%20write%20app%20endpoint%20%2Fpage%0A%60%60%60&labels=Turbopack,Turbopack%20Panic%20Backtrace
-----

 GET / 200 in 2.8s (compile: 22ms, render: 2.8s)
 GET / 200 in 1460ms (compile: 20ms, render: 1440ms)

-----
[1m[31mFATAL[39m[0m: An unexpected Turbopack error occurred. A panic log has been written to C:\Users\arzap\AppData\Local\Temp\next-panic-e554eeb43ed6b36fee1221e4ed151a00.log.

To help make Turbopack better, report this error by clicking here: https://github.com/vercel/next.js/discussions/new?category=turbopack-error-report&title=Turbopack%20Error%3A%20Failed%20to%20write%20app%20endpoint%20%2Fpage&body=Turbopack%20version%3A%20%6023c46498%60%0ANext.js%20version%3A%20%600.0.0%60%0A%0AError%20message%3A%0A%60%60%60%0ATurbopack%20Error%3A%20Failed%20to%20write%20app%20endpoint%20%2Fpage%0A%60%60%60&labels=Turbopack,Turbopack%20Panic%20Backtrace
-----


-----
[1m[31mFATAL[39m[0m: An unexpected Turbopack error occurred. A panic log has been written to C:\Users\arzap\AppData\Local\Temp\next-panic-e554eeb43ed6b36fee1221e4ed151a00.log.

To help make Turbopack better, report this error by clicking here: https://github.com/vercel/next.js/discussions/new?category=turbopack-error-report&title=Turbopack%20Error%3A%20Failed%20to%20write%20app%20endpoint%20%2Fpage&body=Turbopack%20version%3A%20%6023c46498%60%0ANext.js%20version%3A%20%600.0.0%60%0A%0AError%20message%3A%0A%60%60%60%0ATurbopack%20Error%3A%20Failed%20to%20write%20app%20endpoint%20%2Fpage%0A%60%60%60&labels=Turbopack,Turbopack%20Panic%20Backtrace
-----

 GET / 200 in 1709ms (compile: 19ms, render: 1690ms)

-----
[1m[31mFATAL[39m[0m: An unexpected Turbopack error occurred. A panic log has been written to C:\Users\arzap\AppData\Local\Temp\next-panic-e554eeb43ed6b36fee1221e4ed151a00.log.

To help make Turbopack better, report this error by clicking here: https://github.com/vercel/next.js/discussions/new?category=turbopack-error-report&title=Turbopack%20Error%3A%20Failed%20to%20write%20app%20endpoint%20%2Fpage&body=Turbopack%20version%3A%20%6023c46498%60%0ANext.js%20version%3A%20%600.0.0%60%0A%0AError%20message%3A%0A%60%60%60%0ATurbopack%20Error%3A%20Failed%20to%20write%20app%20endpoint%20%2Fpage%0A%60%60%60&labels=Turbopack,Turbopack%20Panic%20Backtrace
-----

 GET / 200 in 3.0s (compile: 43ms, render: 3.0s)

-----
[1m[31mFATAL[39m[0m: An unexpected Turbopack error occurred. A panic log has been written to C:\Users\arzap\AppData\Local\Temp\next-panic-e554eeb43ed6b36fee1221e4ed151a00.log.

To help make Turbopack better, report this error by clicking here: https://github.com/vercel/next.js/discussions/new?category=turbopack-error-report&title=Turbopack%20Error%3A%20Failed%20to%20write%20app%20endpoint%20%2Fpage&body=Turbopack%20version%3A%20%6023c46498%60%0ANext.js%20version%3A%20%600.0.0%60%0A%0AError%20message%3A%0A%60%60%60%0ATurbopack%20Error%3A%20Failed%20to%20write%20app%20endpoint%20%2Fpage%0A%60%60%60&labels=Turbopack,Turbopack%20Panic%20Backtrace
-----

 GET / 200 in 4.7s (compile: 12ms, render: 4.7s)
 GET / 200 in 2.0s (compile: 17ms, render: 1989ms)

-----
[1m[31mFATAL[39m[0m: An unexpected Turbopack error occurred. A panic log has been written to C:\Users\arzap\AppData\Local\Temp\next-panic-e554eeb43ed6b36fee1221e4ed151a00.log.

To help make Turbopack better, report this error by clicking here: https://github.com/vercel/next.js/discussions/new?category=turbopack-error-report&title=Turbopack%20Error%3A%20Failed%20to%20write%20app%20endpoint%20%2Fpage&body=Turbopack%20version%3A%20%6023c46498%60%0ANext.js%20version%3A%20%600.0.0%60%0A%0AError%20message%3A%0A%60%60%60%0ATurbopack%20Error%3A%20Failed%20to%20write%20app%20endpoint%20%2Fpage%0A%60%60%60&labels=Turbopack,Turbopack%20Panic%20Backtrace
-----

 GET / 200 in 1620ms (compile: 47ms, render: 1573ms)

-----
[1m[31mFATAL[39m[0m: An unexpected Turbopack error occurred. A panic log has been written to C:\Users\arzap\AppData\Local\Temp\next-panic-e554eeb43ed6b36fee1221e4ed151a00.log.

To help make Turbopack better, report this error by clicking here: https://github.com/vercel/next.js/discussions/new?category=turbopack-error-report&title=Turbopack%20Error%3A%20Failed%20to%20write%20app%20endpoint%20%2Fpage&body=Turbopack%20version%3A%20%6023c46498%60%0ANext.js%20version%3A%20%600.0.0%60%0A%0AError%20message%3A%0A%60%60%60%0ATurbopack%20Error%3A%20Failed%20to%20write%20app%20endpoint%20%2Fpage%0A%60%60%60&labels=Turbopack,Turbopack%20Panic%20Backtrace
-----


-----
[1m[31mFATAL[39m[0m: An unexpected Turbopack error occurred. A panic log has been written to C:\Users\arzap\AppData\Local\Temp\next-panic-e554eeb43ed6b36fee1221e4ed151a00.log.

To help make Turbopack better, report this error by clicking here: https://github.com/vercel/next.js/discussions/new?category=turbopack-error-report&title=Turbopack%20Error%3A%20Failed%20to%20write%20app%20endpoint%20%2Fpage&body=Turbopack%20version%3A%20%6023c46498%60%0ANext.js%20version%3A%20%600.0.0%60%0A%0AError%20message%3A%0A%60%60%60%0ATurbopack%20Error%3A%20Failed%20to%20write%20app%20endpoint%20%2Fpage%0A%60%60%60&labels=Turbopack,Turbopack%20Panic%20Backtrace
-----


-----
[1m[31mFATAL[39m[0m: An unexpected Turbopack error occurred. A panic log has been written to C:\Users\arzap\AppData\Local\Temp\next-panic-e554eeb43ed6b36fee1221e4ed151a00.log.

To help make Turbopack better, report this error by clicking here: https://github.com/vercel/next.js/discussions/new?category=turbopack-error-report&title=Turbopack%20Error%3A%20Failed%20to%20write%20app%20endpoint%20%2Fpage&body=Turbopack%20version%3A%20%6023c46498%60%0ANext.js%20version%3A%20%600.0.0%60%0A%0AError%20message%3A%0A%60%60%60%0ATurbopack%20Error%3A%20Failed%20to%20write%20app%20endpoint%20%2Fpage%0A%60%60%60&labels=Turbopack,Turbopack%20Panic%20Backtrace
-----

 GET / 200 in 4.2s (compile: 198ms, render: 4.0s)
 GET / 200 in 1726ms (compile: 13ms, render: 1713ms)

-----
[1m[31mFATAL[39m[0m: An unexpected Turbopack error occurred. A panic log has been written to C:\Users\arzap\AppData\Local\Temp\next-panic-e554eeb43ed6b36fee1221e4ed151a00.log.

To help make Turbopack better, report this error by clicking here: https://github.com/vercel/next.js/discussions/new?category=turbopack-error-report&title=Turbopack%20Error%3A%20Failed%20to%20write%20app%20endpoint%20%2Fpage&body=Turbopack%20version%3A%20%6023c46498%60%0ANext.js%20version%3A%20%600.0.0%60%0A%0AError%20message%3A%0A%60%60%60%0ATurbopack%20Error%3A%20Failed%20to%20write%20app%20endpoint%20%2Fpage%0A%60%60%60&labels=Turbopack,Turbopack%20Panic%20Backtrace
-----

 GET / 200 in 2.0s (compile: 22ms, render: 1991ms)

-----
[1m[31mFATAL[39m[0m: An unexpected Turbopack error occurred. A panic log has been written to C:\Users\arzap\AppData\Local\Temp\next-panic-e554eeb43ed6b36fee1221e4ed151a00.log.

To help make Turbopack better, report this error by clicking here: https://github.com/vercel/next.js/discussions/new?category=turbopack-error-report&title=Turbopack%20Error%3A%20Failed%20to%20write%20app%20endpoint%20%2Fpage&body=Turbopack%20version%3A%20%6023c46498%60%0ANext.js%20version%3A%20%600.0.0%60%0A%0AError%20message%3A%0A%60%60%60%0ATurbopack%20Error%3A%20Failed%20to%20write%20app%20endpoint%20%2Fpage%0A%60%60%60&labels=Turbopack,Turbopack%20Panic%20Backtrace
-----


-----
[1m[31mFATAL[39m[0m: An unexpected Turbopack error occurred. A panic log has been written to C:\Users\arzap\AppData\Local\Temp\next-panic-e554eeb43ed6b36fee1221e4ed151a00.log.

To help make Turbopack better, report this error by clicking here: https://github.com/vercel/next.js/discussions/new?category=turbopack-error-report&title=Turbopack%20Error%3A%20Failed%20to%20write%20app%20endpoint%20%2Fpage&body=Turbopack%20version%3A%20%6023c46498%60%0ANext.js%20version%3A%20%600.0.0%60%0A%0AError%20message%3A%0A%60%60%60%0ATurbopack%20Error%3A%20Failed%20to%20write%20app%20endpoint%20%2Fpage%0A%60%60%60&labels=Turbopack,Turbopack%20Panic%20Backtrace
-----


-----
[1m[31mFATAL[39m[0m: An unexpected Turbopack error occurred. A panic log has been written to C:\Users\arzap\AppData\Local\Temp\next-panic-e554eeb43ed6b36fee1221e4ed151a00.log.

To help make Turbopack better, report this error by clicking here: https://github.com/vercel/next.js/discussions/new?category=turbopack-error-report&title=Turbopack%20Error%3A%20Failed%20to%20write%20app%20endpoint%20%2Fpage&body=Turbopack%20version%3A%20%6023c46498%60%0ANext.js%20version%3A%20%600.0.0%60%0A%0AError%20message%3A%0A%60%60%60%0ATurbopack%20Error%3A%20Failed%20to%20write%20app%20endpoint%20%2Fpage%0A%60%60%60&labels=Turbopack,Turbopack%20Panic%20Backtrace
-----

 GET / 200 in 4.6s (compile: 63ms, render: 4.5s)

-----
[1m[31mFATAL[39m[0m: An unexpected Turbopack error occurred. A panic log has been written to C:\Users\arzap\AppData\Local\Temp\next-panic-e554eeb43ed6b36fee1221e4ed151a00.log.

To help make Turbopack better, report this error by clicking here: https://github.com/vercel/next.js/discussions/new?category=turbopack-error-report&title=Turbopack%20Error%3A%20Failed%20to%20write%20app%20endpoint%20%2Fpage&body=Turbopack%20version%3A%20%6023c46498%60%0ANext.js%20version%3A%20%600.0.0%60%0A%0AError%20message%3A%0A%60%60%60%0ATurbopack%20Error%3A%20Failed%20to%20write%20app%20endpoint%20%2Fpage%0A%60%60%60&labels=Turbopack,Turbopack%20Panic%20Backtrace
-----


-----
[1m[31mFATAL[39m[0m: An unexpected Turbopack error occurred. A panic log has been written to C:\Users\arzap\AppData\Local\Temp\next-panic-e554eeb43ed6b36fee1221e4ed151a00.log.

To help make Turbopack better, report this error by clicking here: https://github.com/vercel/next.js/discussions/new?category=turbopack-error-report&title=Turbopack%20Error%3A%20Failed%20to%20write%20app%20endpoint%20%2Fpage&body=Turbopack%20version%3A%20%6023c46498%60%0ANext.js%20version%3A%20%600.0.0%60%0A%0AError%20message%3A%0A%60%60%60%0ATurbopack%20Error%3A%20Failed%20to%20write%20app%20endpoint%20%2Fpage%0A%60%60%60&labels=Turbopack,Turbopack%20Panic%20Backtrace
-----

 GET / 200 in 5.1s (compile: 95ms, render: 5.0s)
 GET / 200 in 1620ms (compile: 20ms, render: 1600ms)

-----
[1m[31mFATAL[39m[0m: An unexpected Turbopack error occurred. A panic log has been written to C:\Users\arzap\AppData\Local\Temp\next-panic-e554eeb43ed6b36fee1221e4ed151a00.log.

To help make Turbopack better, report this error by clicking here: https://github.com/vercel/next.js/discussions/new?category=turbopack-error-report&title=Turbopack%20Error%3A%20Failed%20to%20write%20app%20endpoint%20%2Fpage&body=Turbopack%20version%3A%20%6023c46498%60%0ANext.js%20version%3A%20%600.0.0%60%0A%0AError%20message%3A%0A%60%60%60%0ATurbopack%20Error%3A%20Failed%20to%20write%20app%20endpoint%20%2Fpage%0A%60%60%60&labels=Turbopack,Turbopack%20Panic%20Backtrace
-----

 GET / 200 in 1384ms (compile: 89ms, render: 1296ms)

-----
[1m[31mFATAL[39m[0m: An unexpected Turbopack error occurred. A panic log has been written to C:\Users\arzap\AppData\Local\Temp\next-panic-e554eeb43ed6b36fee1221e4ed151a00.log.

To help make Turbopack better, report this error by clicking here: https://github.com/vercel/next.js/discussions/new?category=turbopack-error-report&title=Turbopack%20Error%3A%20Failed%20to%20write%20app%20endpoint%20%2Fpage&body=Turbopack%20version%3A%20%6023c46498%60%0ANext.js%20version%3A%20%600.0.0%60%0A%0AError%20message%3A%0A%60%60%60%0ATurbopack%20Error%3A%20Failed%20to%20write%20app%20endpoint%20%2Fpage%0A%60%60%60&labels=Turbopack,Turbopack%20Panic%20Backtrace
-----


-----
[1m[31mFATAL[39m[0m: An unexpected Turbopack error occurred. A panic log has been written to C:\Users\arzap\AppData\Local\Temp\next-panic-e554eeb43ed6b36fee1221e4ed151a00.log.

To help make Turbopack better, report this error by clicking here: https://github.com/vercel/next.js/discussions/new?category=turbopack-error-report&title=Turbopack%20Error%3A%20Failed%20to%20write%20app%20endpoint%20%2Fpage&body=Turbopack%20version%3A%20%6023c46498%60%0ANext.js%20version%3A%20%600.0.0%60%0A%0AError%20message%3A%0A%60%60%60%0ATurbopack%20Error%3A%20Failed%20to%20write%20app%20endpoint%20%2Fpage%0A%60%60%60&labels=Turbopack,Turbopack%20Panic%20Backtrace
-----


-----
[1m[31mFATAL[39m[0m: An unexpected Turbopack error occurred. A panic log has been written to C:\Users\arzap\AppData\Local\Temp\next-panic-e554eeb43ed6b36fee1221e4ed151a00.log.

To help make Turbopack better, report this error by clicking here: https://github.com/vercel/next.js/discussions/new?category=turbopack-error-report&title=Turbopack%20Error%3A%20Failed%20to%20write%20app%20endpoint%20%2Fpage&body=Turbopack%20version%3A%20%6023c46498%60%0ANext.js%20version%3A%20%600.0.0%60%0A%0AError%20message%3A%0A%60%60%60%0ATurbopack%20Error%3A%20Failed%20to%20write%20app%20endpoint%20%2Fpage%0A%60%60%60&labels=Turbopack,Turbopack%20Panic%20Backtrace
-----

 GET / 200 in 2.4s (compile: 12ms, render: 2.4s)

-----
[1m[31mFATAL[39m[0m: An unexpected Turbopack error occurred. A panic log has been written to C:\Users\arzap\AppData\Local\Temp\next-panic-e554eeb43ed6b36fee1221e4ed151a00.log.

To help make Turbopack better, report this error by clicking here: https://github.com/vercel/next.js/discussions/new?category=turbopack-error-report&title=Turbopack%20Error%3A%20Failed%20to%20write%20app%20endpoint%20%2Fpage&body=Turbopack%20version%3A%20%6023c46498%60%0ANext.js%20version%3A%20%600.0.0%60%0A%0AError%20message%3A%0A%60%60%60%0ATurbopack%20Error%3A%20Failed%20to%20write%20app%20endpoint%20%2Fpage%0A%60%60%60&labels=Turbopack,Turbopack%20Panic%20Backtrace
-----

 GET / 200 in 1302ms (compile: 91ms, render: 1211ms)

-----
[1m[31mFATAL[39m[0m: An unexpected Turbopack error occurred. A panic log has been written to C:\Users\arzap\AppData\Local\Temp\next-panic-e554eeb43ed6b36fee1221e4ed151a00.log.

To help make Turbopack better, report this error by clicking here: https://github.com/vercel/next.js/discussions/new?category=turbopack-error-report&title=Turbopack%20Error%3A%20Failed%20to%20write%20app%20endpoint%20%2Fpage&body=Turbopack%20version%3A%20%6023c46498%60%0ANext.js%20version%3A%20%600.0.0%60%0A%0AError%20message%3A%0A%60%60%60%0ATurbopack%20Error%3A%20Failed%20to%20write%20app%20endpoint%20%2Fpage%0A%60%60%60&labels=Turbopack,Turbopack%20Panic%20Backtrace
-----

 GET / 200 in 1064ms (compile: 8ms, render: 1056ms)

-----
[1m[31mFATAL[39m[0m: An unexpected Turbopack error occurred. A panic log has been written to C:\Users\arzap\AppData\Local\Temp\next-panic-e554eeb43ed6b36fee1221e4ed151a00.log.

To help make Turbopack better, report this error by clicking here: https://github.com/vercel/next.js/discussions/new?category=turbopack-error-report&title=Turbopack%20Error%3A%20Failed%20to%20write%20app%20endpoint%20%2Fpage&body=Turbopack%20version%3A%20%6023c46498%60%0ANext.js%20version%3A%20%600.0.0%60%0A%0AError%20message%3A%0A%60%60%60%0ATurbopack%20Error%3A%20Failed%20to%20write%20app%20endpoint%20%2Fpage%0A%60%60%60&labels=Turbopack,Turbopack%20Panic%20Backtrace
-----

 GET / 200 in 703ms (compile: 13ms, render: 690ms)

-----
[1m[31mFATAL[39m[0m: An unexpected Turbopack error occurred. A panic log has been written to C:\Users\arzap\AppData\Local\Temp\next-panic-e554eeb43ed6b36fee1221e4ed151a00.log.

To help make Turbopack better, report this error by clicking here: https://github.com/vercel/next.js/discussions/new?category=turbopack-error-report&title=Turbopack%20Error%3A%20Failed%20to%20write%20app%20endpoint%20%2Fpage&body=Turbopack%20version%3A%20%6023c46498%60%0ANext.js%20version%3A%20%600.0.0%60%0A%0AError%20message%3A%0A%60%60%60%0ATurbopack%20Error%3A%20Failed%20to%20write%20app%20endpoint%20%2Fpage%0A%60%60%60&labels=Turbopack,Turbopack%20Panic%20Backtrace
-----

 GET / 200 in 715ms (compile: 17ms, render: 698ms)

-----
[1m[31mFATAL[39m[0m: An unexpected Turbopack error occurred. A panic log has been written to C:\Users\arzap\AppData\Local\Temp\next-panic-e554eeb43ed6b36fee1221e4ed151a00.log.

To help make Turbopack better, report this error by clicking here: https://github.com/vercel/next.js/discussions/new?category=turbopack-error-report&title=Turbopack%20Error%3A%20Failed%20to%20write%20app%20endpoint%20%2Fpage&body=Turbopack%20version%3A%20%6023c46498%60%0ANext.js%20version%3A%20%600.0.0%60%0A%0AError%20message%3A%0A%60%60%60%0ATurbopack%20Error%3A%20Failed%20to%20write%20app%20endpoint%20%2Fpage%0A%60%60%60&labels=Turbopack,Turbopack%20Panic%20Backtrace
-----

 GET / 200 in 614ms (compile: 9ms, render: 605ms)

-----
[1m[31mFATAL[39m[0m: An unexpected Turbopack error occurred. A panic log has been written to C:\Users\arzap\AppData\Local\Temp\next-panic-e554eeb43ed6b36fee1221e4ed151a00.log.

To help make Turbopack better, report this error by clicking here: https://github.com/vercel/next.js/discussions/new?category=turbopack-error-report&title=Turbopack%20Error%3A%20Failed%20to%20write%20app%20endpoint%20%2Fpage&body=Turbopack%20version%3A%20%6023c46498%60%0ANext.js%20version%3A%20%600.0.0%60%0A%0AError%20message%3A%0A%60%60%60%0ATurbopack%20Error%3A%20Failed%20to%20write%20app%20endpoint%20%2Fpage%0A%60%60%60&labels=Turbopack,Turbopack%20Panic%20Backtrace
-----

 GET / 200 in 1284ms (compile: 21ms, render: 1263ms)

-----
[1m[31mFATAL[39m[0m: An unexpected Turbopack error occurred. A panic log has been written to C:\Users\arzap\AppData\Local\Temp\next-panic-e554eeb43ed6b36fee1221e4ed151a00.log.

To help make Turbopack better, report this error by clicking here: https://github.com/vercel/next.js/discussions/new?category=turbopack-error-report&title=Turbopack%20Error%3A%20Failed%20to%20write%20app%20endpoint%20%2Fpage&body=Turbopack%20version%3A%20%6023c46498%60%0ANext.js%20version%3A%20%600.0.0%60%0A%0AError%20message%3A%0A%60%60%60%0ATurbopack%20Error%3A%20Failed%20to%20write%20app%20endpoint%20%2Fpage%0A%60%60%60&labels=Turbopack,Turbopack%20Panic%20Backtrace
-----

 GET / 200 in 925ms (compile: 10ms, render: 915ms)

-----
[1m[31mFATAL[39m[0m: An unexpected Turbopack error occurred. A panic log has been written to C:\Users\arzap\AppData\Local\Temp\next-panic-e554eeb43ed6b36fee1221e4ed151a00.log.

To help make Turbopack better, report this error by clicking here: https://github.com/vercel/next.js/discussions/new?category=turbopack-error-report&title=Turbopack%20Error%3A%20Failed%20to%20write%20app%20endpoint%20%2Fpage&body=Turbopack%20version%3A%20%6023c46498%60%0ANext.js%20version%3A%20%600.0.0%60%0A%0AError%20message%3A%0A%60%60%60%0ATurbopack%20Error%3A%20Failed%20to%20write%20app%20endpoint%20%2Fpage%0A%60%60%60&labels=Turbopack,Turbopack%20Panic%20Backtrace
-----

 GET / 200 in 1374ms (compile: 14ms, render: 1360ms)

-----
[1m[31mFATAL[39m[0m: An unexpected Turbopack error occurred. A panic log has been written to C:\Users\arzap\AppData\Local\Temp\next-panic-e554eeb43ed6b36fee1221e4ed151a00.log.

To help make Turbopack better, report this error by clicking here: https://github.com/vercel/next.js/discussions/new?category=turbopack-error-report&title=Turbopack%20Error%3A%20Failed%20to%20write%20app%20endpoint%20%2Fpage&body=Turbopack%20version%3A%20%6023c46498%60%0ANext.js%20version%3A%20%600.0.0%60%0A%0AError%20message%3A%0A%60%60%60%0ATurbopack%20Error%3A%20Failed%20to%20write%20app%20endpoint%20%2Fpage%0A%60%60%60&labels=Turbopack,Turbopack%20Panic%20Backtrace
-----

 GET / 200 in 993ms (compile: 11ms, render: 982ms)

-----
[1m[31mFATAL[39m[0m: An unexpected Turbopack error occurred. A panic log has been written to C:\Users\arzap\AppData\Local\Temp\next-panic-e554eeb43ed6b36fee1221e4ed151a00.log.

To help make Turbopack better, report this error by clicking here: https://github.com/vercel/next.js/discussions/new?category=turbopack-error-report&title=Turbopack%20Error%3A%20Failed%20to%20write%20app%20endpoint%20%2Fpage&body=Turbopack%20version%3A%20%6023c46498%60%0ANext.js%20version%3A%20%600.0.0%60%0A%0AError%20message%3A%0A%60%60%60%0ATurbopack%20Error%3A%20Failed%20to%20write%20app%20endpoint%20%2Fpage%0A%60%60%60&labels=Turbopack,Turbopack%20Panic%20Backtrace
-----


-----
[1m[31mFATAL[39m[0m: An unexpected Turbopack error occurred. A panic log has been written to C:\Users\arzap\AppData\Local\Temp\next-panic-e554eeb43ed6b36fee1221e4ed151a00.log.

To help make Turbopack better, report this error by clicking here: https://github.com/vercel/next.js/discussions/new?category=turbopack-error-report&title=Turbopack%20Error%3A%20Failed%20to%20write%20app%20endpoint%20%2Fpage&body=Turbopack%20version%3A%20%6023c46498%60%0ANext.js%20version%3A%20%600.0.0%60%0A%0AError%20message%3A%0A%60%60%60%0ATurbopack%20Error%3A%20Failed%20to%20write%20app%20endpoint%20%2Fpage%0A%60%60%60&labels=Turbopack,Turbopack%20Panic%20Backtrace
-----

 GET / 200 in 3.8s (compile: 13ms, render: 3.8s)

-----
[1m[31mFATAL[39m[0m: An unexpected Turbopack error occurred. A panic log has been written to C:\Users\arzap\AppData\Local\Temp\next-panic-e554eeb43ed6b36fee1221e4ed151a00.log.

To help make Turbopack better, report this error by clicking here: https://github.com/vercel/next.js/discussions/new?category=turbopack-error-report&title=Turbopack%20Error%3A%20Failed%20to%20write%20app%20endpoint%20%2Fpage&body=Turbopack%20version%3A%20%6023c46498%60%0ANext.js%20version%3A%20%600.0.0%60%0A%0AError%20message%3A%0A%60%60%60%0ATurbopack%20Error%3A%20Failed%20to%20write%20app%20endpoint%20%2Fpage%0A%60%60%60&labels=Turbopack,Turbopack%20Panic%20Backtrace
-----

 GET / 200 in 2.4s (compile: 12ms, render: 2.4s)

-----
[1m[31mFATAL[39m[0m: An unexpected Turbopack error occurred. A panic log has been written to C:\Users\arzap\AppData\Local\Temp\next-panic-e554eeb43ed6b36fee1221e4ed151a00.log.

To help make Turbopack better, report this error by clicking here: https://github.com/vercel/next.js/discussions/new?category=turbopack-error-report&title=Turbopack%20Error%3A%20Failed%20to%20write%20app%20endpoint%20%2Fpage&body=Turbopack%20version%3A%20%6023c46498%60%0ANext.js%20version%3A%20%600.0.0%60%0A%0AError%20message%3A%0A%60%60%60%0ATurbopack%20Error%3A%20Failed%20to%20write%20app%20endpoint%20%2Fpage%0A%60%60%60&labels=Turbopack,Turbopack%20Panic%20Backtrace
-----


-----
[1m[31mFATAL[39m[0m: An unexpected Turbopack error occurred. A panic log has been written to C:\Users\arzap\AppData\Local\Temp\next-panic-e554eeb43ed6b36fee1221e4ed151a00.log.

To help make Turbopack better, report this error by clicking here: https://github.com/vercel/next.js/discussions/new?category=turbopack-error-report&title=Turbopack%20Error%3A%20Failed%20to%20write%20app%20endpoint%20%2Fpage&body=Turbopack%20version%3A%20%6023c46498%60%0ANext.js%20version%3A%20%600.0.0%60%0A%0AError%20message%3A%0A%60%60%60%0ATurbopack%20Error%3A%20Failed%20to%20write%20app%20endpoint%20%2Fpage%0A%60%60%60&labels=Turbopack,Turbopack%20Panic%20Backtrace
-----

 GET / 200 in 8.9s (compile: 16ms, render: 8.9s)

-----
[1m[31mFATAL[39m[0m: An unexpected Turbopack error occurred. A panic log has been written to C:\Users\arzap\AppData\Local\Temp\next-panic-e554eeb43ed6b36fee1221e4ed151a00.log.

To help make Turbopack better, report this error by clicking here: https://github.com/vercel/next.js/discussions/new?category=turbopack-error-report&title=Turbopack%20Error%3A%20Failed%20to%20write%20app%20endpoint%20%2Fpage&body=Turbopack%20version%3A%20%6023c46498%60%0ANext.js%20version%3A%20%600.0.0%60%0A%0AError%20message%3A%0A%60%60%60%0ATurbopack%20Error%3A%20Failed%20to%20write%20app%20endpoint%20%2Fpage%0A%60%60%60&labels=Turbopack,Turbopack%20Panic%20Backtrace
-----


-----
[1m[31mFATAL[39m[0m: An unexpected Turbopack error occurred. A panic log has been written to C:\Users\arzap\AppData\Local\Temp\next-panic-e554eeb43ed6b36fee1221e4ed151a00.log.

To help make Turbopack better, report this error by clicking here: https://github.com/vercel/next.js/discussions/new?category=turbopack-error-report&title=Turbopack%20Error%3A%20Failed%20to%20write%20app%20endpoint%20%2Fpage&body=Turbopack%20version%3A%20%6023c46498%60%0ANext.js%20version%3A%20%600.0.0%60%0A%0AError%20message%3A%0A%60%60%60%0ATurbopack%20Error%3A%20Failed%20to%20write%20app%20endpoint%20%2Fpage%0A%60%60%60&labels=Turbopack,Turbopack%20Panic%20Backtrace
-----

 GET / 200 in 4.9s (compile: 355ms, render: 4.6s)

-----
[1m[31mFATAL[39m[0m: An unexpected Turbopack error occurred. A panic log has been written to C:\Users\arzap\AppData\Local\Temp\next-panic-e554eeb43ed6b36fee1221e4ed151a00.log.

To help make Turbopack better, report this error by clicking here: https://github.com/vercel/next.js/discussions/new?category=turbopack-error-report&title=Turbopack%20Error%3A%20Failed%20to%20write%20app%20endpoint%20%2Fpage&body=Turbopack%20version%3A%20%6023c46498%60%0ANext.js%20version%3A%20%600.0.0%60%0A%0AError%20message%3A%0A%60%60%60%0ATurbopack%20Error%3A%20Failed%20to%20write%20app%20endpoint%20%2Fpage%0A%60%60%60&labels=Turbopack,Turbopack%20Panic%20Backtrace
-----

 GET / 200 in 1493ms (compile: 16ms, render: 1477ms)

-----
[1m[31mFATAL[39m[0m: An unexpected Turbopack error occurred. A panic log has been written to C:\Users\arzap\AppData\Local\Temp\next-panic-e554eeb43ed6b36fee1221e4ed151a00.log.

To help make Turbopack better, report this error by clicking here: https://github.com/vercel/next.js/discussions/new?category=turbopack-error-report&title=Turbopack%20Error%3A%20Failed%20to%20write%20app%20endpoint%20%2Fpage&body=Turbopack%20version%3A%20%6023c46498%60%0ANext.js%20version%3A%20%600.0.0%60%0A%0AError%20message%3A%0A%60%60%60%0ATurbopack%20Error%3A%20Failed%20to%20write%20app%20endpoint%20%2Fpage%0A%60%60%60&labels=Turbopack,Turbopack%20Panic%20Backtrace
-----

 GET / 200 in 2.5s (compile: 32ms, render: 2.4s)

-----
[1m[31mFATAL[39m[0m: An unexpected Turbopack error occurred. A panic log has been written to C:\Users\arzap\AppData\Local\Temp\next-panic-e554eeb43ed6b36fee1221e4ed151a00.log.

To help make Turbopack better, report this error by clicking here: https://github.com/vercel/next.js/discussions/new?category=turbopack-error-report&title=Turbopack%20Error%3A%20Failed%20to%20write%20app%20endpoint%20%2Fpage&body=Turbopack%20version%3A%20%6023c46498%60%0ANext.js%20version%3A%20%600.0.0%60%0A%0AError%20message%3A%0A%60%60%60%0ATurbopack%20Error%3A%20Failed%20to%20write%20app%20endpoint%20%2Fpage%0A%60%60%60&labels=Turbopack,Turbopack%20Panic%20Backtrace
-----

 GET / 200 in 1929ms (compile: 32ms, render: 1897ms)

-----
[1m[31mFATAL[39m[0m: An unexpected Turbopack error occurred. A panic log has been written to C:\Users\arzap\AppData\Local\Temp\next-panic-e554eeb43ed6b36fee1221e4ed151a00.log.

To help make Turbopack better, report this error by clicking here: https://github.com/vercel/next.js/discussions/new?category=turbopack-error-report&title=Turbopack%20Error%3A%20Failed%20to%20write%20app%20endpoint%20%2Fpage&body=Turbopack%20version%3A%20%6023c46498%60%0ANext.js%20version%3A%20%600.0.0%60%0A%0AError%20message%3A%0A%60%60%60%0ATurbopack%20Error%3A%20Failed%20to%20write%20app%20endpoint%20%2Fpage%0A%60%60%60&labels=Turbopack,Turbopack%20Panic%20Backtrace
-----


-----
[1m[31mFATAL[39m[0m: An unexpected Turbopack error occurred. A panic log has been written to C:\Users\arzap\AppData\Local\Temp\next-panic-e554eeb43ed6b36fee1221e4ed151a00.log.

To help make Turbopack better, report this error by clicking here: https://github.com/vercel/next.js/discussions/new?category=turbopack-error-report&title=Turbopack%20Error%3A%20Failed%20to%20write%20app%20endpoint%20%2Fpage&body=Turbopack%20version%3A%20%6023c46498%60%0ANext.js%20version%3A%20%600.0.0%60%0A%0AError%20message%3A%0A%60%60%60%0ATurbopack%20Error%3A%20Failed%20to%20write%20app%20endpoint%20%2Fpage%0A%60%60%60&labels=Turbopack,Turbopack%20Panic%20Backtrace
-----

 GET / 200 in 8.8s (compile: 29ms, render: 8.8s)

-----
[1m[31mFATAL[39m[0m: An unexpected Turbopack error occurred. A panic log has been written to C:\Users\arzap\AppData\Local\Temp\next-panic-e554eeb43ed6b36fee1221e4ed151a00.log.

To help make Turbopack better, report this error by clicking here: https://github.com/vercel/next.js/discussions/new?category=turbopack-error-report&title=Turbopack%20Error%3A%20Failed%20to%20write%20app%20endpoint%20%2Fpage&body=Turbopack%20version%3A%20%6023c46498%60%0ANext.js%20version%3A%20%600.0.0%60%0A%0AError%20message%3A%0A%60%60%60%0ATurbopack%20Error%3A%20Failed%20to%20write%20app%20endpoint%20%2Fpage%0A%60%60%60&labels=Turbopack,Turbopack%20Panic%20Backtrace
-----

 GET / 200 in 1859ms (compile: 46ms, render: 1813ms)

-----
[1m[31mFATAL[39m[0m: An unexpected Turbopack error occurred. A panic log has been written to C:\Users\arzap\AppData\Local\Temp\next-panic-e554eeb43ed6b36fee1221e4ed151a00.log.

To help make Turbopack better, report this error by clicking here: https://github.com/vercel/next.js/discussions/new?category=turbopack-error-report&title=Turbopack%20Error%3A%20Failed%20to%20write%20app%20endpoint%20%2Fpage&body=Turbopack%20version%3A%20%6023c46498%60%0ANext.js%20version%3A%20%600.0.0%60%0A%0AError%20message%3A%0A%60%60%60%0ATurbopack%20Error%3A%20Failed%20to%20write%20app%20endpoint%20%2Fpage%0A%60%60%60&labels=Turbopack,Turbopack%20Panic%20Backtrace
-----

 GET / 200 in 4.3s (compile: 26ms, render: 4.3s)

-----
[1m[31mFATAL[39m[0m: An unexpected Turbopack error occurred. A panic log has been written to C:\Users\arzap\AppData\Local\Temp\next-panic-e554eeb43ed6b36fee1221e4ed151a00.log.

To help make Turbopack better, report this error by clicking here: https://github.com/vercel/next.js/discussions/new?category=turbopack-error-report&title=Turbopack%20Error%3A%20Failed%20to%20write%20app%20endpoint%20%2Fpage&body=Turbopack%20version%3A%20%6023c46498%60%0ANext.js%20version%3A%20%600.0.0%60%0A%0AError%20message%3A%0A%60%60%60%0ATurbopack%20Error%3A%20Failed%20to%20write%20app%20endpoint%20%2Fpage%0A%60%60%60&labels=Turbopack,Turbopack%20Panic%20Backtrace
-----


-----
[1m[31mFATAL[39m[0m: An unexpected Turbopack error occurred. A panic log has been written to C:\Users\arzap\AppData\Local\Temp\next-panic-e554eeb43ed6b36fee1221e4ed151a00.log.

To help make Turbopack better, report this error by clicking here: https://github.com/vercel/next.js/discussions/new?category=turbopack-error-report&title=Turbopack%20Error%3A%20Failed%20to%20write%20app%20endpoint%20%2Fpage&body=Turbopack%20version%3A%20%6023c46498%60%0ANext.js%20version%3A%20%600.0.0%60%0A%0AError%20message%3A%0A%60%60%60%0ATurbopack%20Error%3A%20Failed%20to%20write%20app%20endpoint%20%2Fpage%0A%60%60%60&labels=Turbopack,Turbopack%20Panic%20Backtrace
-----

 GET / 200 in 8.6s (compile: 23ms, render: 8.6s)

-----
[1m[31mFATAL[39m[0m: An unexpected Turbopack error occurred. A panic log has been written to C:\Users\arzap\AppData\Local\Temp\next-panic-e554eeb43ed6b36fee1221e4ed151a00.log.

To help make Turbopack better, report this error by clicking here: https://github.com/vercel/next.js/discussions/new?category=turbopack-error-report&title=Turbopack%20Error%3A%20Failed%20to%20write%20app%20endpoint%20%2Fpage&body=Turbopack%20version%3A%20%6023c46498%60%0ANext.js%20version%3A%20%600.0.0%60%0A%0AError%20message%3A%0A%60%60%60%0ATurbopack%20Error%3A%20Failed%20to%20write%20app%20endpoint%20%2Fpage%0A%60%60%60&labels=Turbopack,Turbopack%20Panic%20Backtrace
-----

 GET / 200 in 1856ms (compile: 25ms, render: 1831ms)

-----
[1m[31mFATAL[39m[0m: An unexpected Turbopack error occurred. A panic log has been written to C:\Users\arzap\AppData\Local\Temp\next-panic-e554eeb43ed6b36fee1221e4ed151a00.log.

To help make Turbopack better, report this error by clicking here: https://github.com/vercel/next.js/discussions/new?category=turbopack-error-report&title=Turbopack%20Error%3A%20Failed%20to%20write%20app%20endpoint%20%2Fpage&body=Turbopack%20version%3A%20%6023c46498%60%0ANext.js%20version%3A%20%600.0.0%60%0A%0AError%20message%3A%0A%60%60%60%0ATurbopack%20Error%3A%20Failed%20to%20write%20app%20endpoint%20%2Fpage%0A%60%60%60&labels=Turbopack,Turbopack%20Panic%20Backtrace
-----


-----
[1m[31mFATAL[39m[0m: An unexpected Turbopack error occurred. A panic log has been written to C:\Users\arzap\AppData\Local\Temp\next-panic-e554eeb43ed6b36fee1221e4ed151a00.log.

To help make Turbopack better, report this error by clicking here: https://github.com/vercel/next.js/discussions/new?category=turbopack-error-report&title=Turbopack%20Error%3A%20Failed%20to%20write%20app%20endpoint%20%2Fpage&body=Turbopack%20version%3A%20%6023c46498%60%0ANext.js%20version%3A%20%600.0.0%60%0A%0AError%20message%3A%0A%60%60%60%0ATurbopack%20Error%3A%20Failed%20to%20write%20app%20endpoint%20%2Fpage%0A%60%60%60&labels=Turbopack,Turbopack%20Panic%20Backtrace
-----

 GET / 200 in 4.0s (compile: 27ms, render: 4.0s)

-----
[1m[31mFATAL[39m[0m: An unexpected Turbopack error occurred. A panic log has been written to C:\Users\arzap\AppData\Local\Temp\next-panic-e554eeb43ed6b36fee1221e4ed151a00.log.

To help make Turbopack better, report this error by clicking here: https://github.com/vercel/next.js/discussions/new?category=turbopack-error-report&title=Turbopack%20Error%3A%20Failed%20to%20write%20app%20endpoint%20%2Fpage&body=Turbopack%20version%3A%20%6023c46498%60%0ANext.js%20version%3A%20%600.0.0%60%0A%0AError%20message%3A%0A%60%60%60%0ATurbopack%20Error%3A%20Failed%20to%20write%20app%20endpoint%20%2Fpage%0A%60%60%60&labels=Turbopack,Turbopack%20Panic%20Backtrace
-----

 GET / 200 in 2.0s (compile: 19ms, render: 2.0s)

-----
[1m[31mFATAL[39m[0m: An unexpected Turbopack error occurred. A panic log has been written to C:\Users\arzap\AppData\Local\Temp\next-panic-e554eeb43ed6b36fee1221e4ed151a00.log.

To help make Turbopack better, report this error by clicking here: https://github.com/vercel/next.js/discussions/new?category=turbopack-error-report&title=Turbopack%20Error%3A%20Failed%20to%20write%20app%20endpoint%20%2Fpage&body=Turbopack%20version%3A%20%6023c46498%60%0ANext.js%20version%3A%20%600.0.0%60%0A%0AError%20message%3A%0A%60%60%60%0ATurbopack%20Error%3A%20Failed%20to%20write%20app%20endpoint%20%2Fpage%0A%60%60%60&labels=Turbopack,Turbopack%20Panic%20Backtrace
-----

 GET / 200 in 1171ms (compile: 27ms, render: 1144ms)

-----
[1m[31mFATAL[39m[0m: An unexpected Turbopack error occurred. A panic log has been written to C:\Users\arzap\AppData\Local\Temp\next-panic-e554eeb43ed6b36fee1221e4ed151a00.log.

To help make Turbopack better, report this error by clicking here: https://github.com/vercel/next.js/discussions/new?category=turbopack-error-report&title=Turbopack%20Error%3A%20Failed%20to%20write%20app%20endpoint%20%2Fpage&body=Turbopack%20version%3A%20%6023c46498%60%0ANext.js%20version%3A%20%600.0.0%60%0A%0AError%20message%3A%0A%60%60%60%0ATurbopack%20Error%3A%20Failed%20to%20write%20app%20endpoint%20%2Fpage%0A%60%60%60&labels=Turbopack,Turbopack%20Panic%20Backtrace
-----

 GET / 200 in 1940ms (compile: 31ms, render: 1909ms)

-----
[1m[31mFATAL[39m[0m: An unexpected Turbopack error occurred. A panic log has been written to C:\Users\arzap\AppData\Local\Temp\next-panic-e554eeb43ed6b36fee1221e4ed151a00.log.

To help make Turbopack better, report this error by clicking here: https://github.com/vercel/next.js/discussions/new?category=turbopack-error-report&title=Turbopack%20Error%3A%20Failed%20to%20write%20app%20endpoint%20%2Fpage&body=Turbopack%20version%3A%20%6023c46498%60%0ANext.js%20version%3A%20%600.0.0%60%0A%0AError%20message%3A%0A%60%60%60%0ATurbopack%20Error%3A%20Failed%20to%20write%20app%20endpoint%20%2Fpage%0A%60%60%60&labels=Turbopack,Turbopack%20Panic%20Backtrace
-----

 GET / 200 in 1893ms (compile: 22ms, render: 1871ms)

-----
[1m[31mFATAL[39m[0m: An unexpected Turbopack error occurred. A panic log has been written to C:\Users\arzap\AppData\Local\Temp\next-panic-e554eeb43ed6b36fee1221e4ed151a00.log.

To help make Turbopack better, report this error by clicking here: https://github.com/vercel/next.js/discussions/new?category=turbopack-error-report&title=Turbopack%20Error%3A%20Failed%20to%20write%20app%20endpoint%20%2Fpage&body=Turbopack%20version%3A%20%6023c46498%60%0ANext.js%20version%3A%20%600.0.0%60%0A%0AError%20message%3A%0A%60%60%60%0ATurbopack%20Error%3A%20Failed%20to%20write%20app%20endpoint%20%2Fpage%0A%60%60%60&labels=Turbopack,Turbopack%20Panic%20Backtrace
-----

 GET / 200 in 1916ms (compile: 25ms, render: 1891ms)

-----
[1m[31mFATAL[39m[0m: An unexpected Turbopack error occurred. A panic log has been written to C:\Users\arzap\AppData\Local\Temp\next-panic-e554eeb43ed6b36fee1221e4ed151a00.log.

To help make Turbopack better, report this error by clicking here: https://github.com/vercel/next.js/discussions/new?category=turbopack-error-report&title=Turbopack%20Error%3A%20Failed%20to%20write%20app%20endpoint%20%2Fpage&body=Turbopack%20version%3A%20%6023c46498%60%0ANext.js%20version%3A%20%600.0.0%60%0A%0AError%20message%3A%0A%60%60%60%0ATurbopack%20Error%3A%20Failed%20to%20write%20app%20endpoint%20%2Fpage%0A%60%60%60&labels=Turbopack,Turbopack%20Panic%20Backtrace
-----

 GET / 200 in 1329ms (compile: 32ms, render: 1298ms)

-----
[1m[31mFATAL[39m[0m: An unexpected Turbopack error occurred. A panic log has been written to C:\Users\arzap\AppData\Local\Temp\next-panic-e554eeb43ed6b36fee1221e4ed151a00.log.

To help make Turbopack better, report this error by clicking here: https://github.com/vercel/next.js/discussions/new?category=turbopack-error-report&title=Turbopack%20Error%3A%20Failed%20to%20write%20app%20endpoint%20%2Fpage&body=Turbopack%20version%3A%20%6023c46498%60%0ANext.js%20version%3A%20%600.0.0%60%0A%0AError%20message%3A%0A%60%60%60%0ATurbopack%20Error%3A%20Failed%20to%20write%20app%20endpoint%20%2Fpage%0A%60%60%60&labels=Turbopack,Turbopack%20Panic%20Backtrace
-----

 GET / 200 in 2.2s (compile: 18ms, render: 2.2s)

-----
[1m[31mFATAL[39m[0m: An unexpected Turbopack error occurred. A panic log has been written to C:\Users\arzap\AppData\Local\Temp\next-panic-e554eeb43ed6b36fee1221e4ed151a00.log.

To help make Turbopack better, report this error by clicking here: https://github.com/vercel/next.js/discussions/new?category=turbopack-error-report&title=Turbopack%20Error%3A%20Failed%20to%20write%20app%20endpoint%20%2Fpage&body=Turbopack%20version%3A%20%6023c46498%60%0ANext.js%20version%3A%20%600.0.0%60%0A%0AError%20message%3A%0A%60%60%60%0ATurbopack%20Error%3A%20Failed%20to%20write%20app%20endpoint%20%2Fpage%0A%60%60%60&labels=Turbopack,Turbopack%20Panic%20Backtrace
-----

 GET / 200 in 1267ms (compile: 14ms, render: 1253ms)

-----
[1m[31mFATAL[39m[0m: An unexpected Turbopack error occurred. A panic log has been written to C:\Users\arzap\AppData\Local\Temp\next-panic-e554eeb43ed6b36fee1221e4ed151a00.log.

To help make Turbopack better, report this error by clicking here: https://github.com/vercel/next.js/discussions/new?category=turbopack-error-report&title=Turbopack%20Error%3A%20Failed%20to%20write%20app%20endpoint%20%2Fpage&body=Turbopack%20version%3A%20%6023c46498%60%0ANext.js%20version%3A%20%600.0.0%60%0A%0AError%20message%3A%0A%60%60%60%0ATurbopack%20Error%3A%20Failed%20to%20write%20app%20endpoint%20%2Fpage%0A%60%60%60&labels=Turbopack,Turbopack%20Panic%20Backtrace
-----

 GET / 200 in 1368ms (compile: 26ms, render: 1342ms)

-----
[1m[31mFATAL[39m[0m: An unexpected Turbopack error occurred. A panic log has been written to C:\Users\arzap\AppData\Local\Temp\next-panic-e554eeb43ed6b36fee1221e4ed151a00.log.

To help make Turbopack better, report this error by clicking here: https://github.com/vercel/next.js/discussions/new?category=turbopack-error-report&title=Turbopack%20Error%3A%20Failed%20to%20write%20app%20endpoint%20%2Fpage&body=Turbopack%20version%3A%20%6023c46498%60%0ANext.js%20version%3A%20%600.0.0%60%0A%0AError%20message%3A%0A%60%60%60%0ATurbopack%20Error%3A%20Failed%20to%20write%20app%20endpoint%20%2Fpage%0A%60%60%60&labels=Turbopack,Turbopack%20Panic%20Backtrace
-----

 GET / 200 in 1538ms (compile: 12ms, render: 1526ms)

-----
[1m[31mFATAL[39m[0m: An unexpected Turbopack error occurred. A panic log has been written to C:\Users\arzap\AppData\Local\Temp\next-panic-e554eeb43ed6b36fee1221e4ed151a00.log.

To help make Turbopack better, report this error by clicking here: https://github.com/vercel/next.js/discussions/new?category=turbopack-error-report&title=Turbopack%20Error%3A%20Failed%20to%20write%20app%20endpoint%20%2Fpage&body=Turbopack%20version%3A%20%6023c46498%60%0ANext.js%20version%3A%20%600.0.0%60%0A%0AError%20message%3A%0A%60%60%60%0ATurbopack%20Error%3A%20Failed%20to%20write%20app%20endpoint%20%2Fpage%0A%60%60%60&labels=Turbopack,Turbopack%20Panic%20Backtrace
-----

 GET / 200 in 1331ms (compile: 34ms, render: 1297ms)

-----
[1m[31mFATAL[39m[0m: An unexpected Turbopack error occurred. A panic log has been written to C:\Users\arzap\AppData\Local\Temp\next-panic-e554eeb43ed6b36fee1221e4ed151a00.log.

To help make Turbopack better, report this error by clicking here: https://github.com/vercel/next.js/discussions/new?category=turbopack-error-report&title=Turbopack%20Error%3A%20Failed%20to%20write%20app%20endpoint%20%2Fpage&body=Turbopack%20version%3A%20%6023c46498%60%0ANext.js%20version%3A%20%600.0.0%60%0A%0AError%20message%3A%0A%60%60%60%0ATurbopack%20Error%3A%20Failed%20to%20write%20app%20endpoint%20%2Fpage%0A%60%60%60&labels=Turbopack,Turbopack%20Panic%20Backtrace
-----

 GET / 200 in 1476ms (compile: 12ms, render: 1464ms)

-----
[1m[31mFATAL[39m[0m: An unexpected Turbopack error occurred. A panic log has been written to C:\Users\arzap\AppData\Local\Temp\next-panic-e554eeb43ed6b36fee1221e4ed151a00.log.

To help make Turbopack better, report this error by clicking here: https://github.com/vercel/next.js/discussions/new?category=turbopack-error-report&title=Turbopack%20Error%3A%20Failed%20to%20write%20app%20endpoint%20%2Fpage&body=Turbopack%20version%3A%20%6023c46498%60%0ANext.js%20version%3A%20%600.0.0%60%0A%0AError%20message%3A%0A%60%60%60%0ATurbopack%20Error%3A%20Failed%20to%20write%20app%20endpoint%20%2Fpage%0A%60%60%60&labels=Turbopack,Turbopack%20Panic%20Backtrace
-----

 GET / 200 in 1617ms (compile: 13ms, render: 1604ms)

-----
[1m[31mFATAL[39m[0m: An unexpected Turbopack error occurred. A panic log has been written to C:\Users\arzap\AppData\Local\Temp\next-panic-e554eeb43ed6b36fee1221e4ed151a00.log.

To help make Turbopack better, report this error by clicking here: https://github.com/vercel/next.js/discussions/new?category=turbopack-error-report&title=Turbopack%20Error%3A%20Failed%20to%20write%20app%20endpoint%20%2Fpage&body=Turbopack%20version%3A%20%6023c46498%60%0ANext.js%20version%3A%20%600.0.0%60%0A%0AError%20message%3A%0A%60%60%60%0ATurbopack%20Error%3A%20Failed%20to%20write%20app%20endpoint%20%2Fpage%0A%60%60%60&labels=Turbopack,Turbopack%20Panic%20Backtrace
-----


-----
[1m[31mFATAL[39m[0m: An unexpected Turbopack error occurred. A panic log has been written to C:\Users\arzap\AppData\Local\Temp\next-panic-e554eeb43ed6b36fee1221e4ed151a00.log.

To help make Turbopack better, report this error by clicking here: https://github.com/vercel/next.js/discussions/new?category=turbopack-error-report&title=Turbopack%20Error%3A%20Failed%20to%20write%20app%20endpoint%20%2Fpage&body=Turbopack%20version%3A%20%6023c46498%60%0ANext.js%20version%3A%20%600.0.0%60%0A%0AError%20message%3A%0A%60%60%60%0ATurbopack%20Error%3A%20Failed%20to%20write%20app%20endpoint%20%2Fpage%0A%60%60%60&labels=Turbopack,Turbopack%20Panic%20Backtrace
-----

 GET / 200 in 1286ms (compile: 36ms, render: 1250ms)

-----
[1m[31mFATAL[39m[0m: An unexpected Turbopack error occurred. A panic log has been written to C:\Users\arzap\AppData\Local\Temp\next-panic-e554eeb43ed6b36fee1221e4ed151a00.log.

To help make Turbopack better, report this error by clicking here: https://github.com/vercel/next.js/discussions/new?category=turbopack-error-report&title=Turbopack%20Error%3A%20Failed%20to%20write%20app%20endpoint%20%2Fpage&body=Turbopack%20version%3A%20%6023c46498%60%0ANext.js%20version%3A%20%600.0.0%60%0A%0AError%20message%3A%0A%60%60%60%0ATurbopack%20Error%3A%20Failed%20to%20write%20app%20endpoint%20%2Fpage%0A%60%60%60&labels=Turbopack,Turbopack%20Panic%20Backtrace
-----

 GET / 200 in 780ms (compile: 17ms, render: 762ms)

-----
[1m[31mFATAL[39m[0m: An unexpected Turbopack error occurred. A panic log has been written to C:\Users\arzap\AppData\Local\Temp\next-panic-e554eeb43ed6b36fee1221e4ed151a00.log.

To help make Turbopack better, report this error by clicking here: https://github.com/vercel/next.js/discussions/new?category=turbopack-error-report&title=Turbopack%20Error%3A%20Failed%20to%20write%20app%20endpoint%20%2Fpage&body=Turbopack%20version%3A%20%6023c46498%60%0ANext.js%20version%3A%20%600.0.0%60%0A%0AError%20message%3A%0A%60%60%60%0ATurbopack%20Error%3A%20Failed%20to%20write%20app%20endpoint%20%2Fpage%0A%60%60%60&labels=Turbopack,Turbopack%20Panic%20Backtrace
-----

 GET / 200 in 1312ms (compile: 16ms, render: 1295ms)

-----
[1m[31mFATAL[39m[0m: An unexpected Turbopack error occurred. A panic log has been written to C:\Users\arzap\AppData\Local\Temp\next-panic-e554eeb43ed6b36fee1221e4ed151a00.log.

To help make Turbopack better, report this error by clicking here: https://github.com/vercel/next.js/discussions/new?category=turbopack-error-report&title=Turbopack%20Error%3A%20Failed%20to%20write%20app%20endpoint%20%2Fpage&body=Turbopack%20version%3A%20%6023c46498%60%0ANext.js%20version%3A%20%600.0.0%60%0A%0AError%20message%3A%0A%60%60%60%0ATurbopack%20Error%3A%20Failed%20to%20write%20app%20endpoint%20%2Fpage%0A%60%60%60&labels=Turbopack,Turbopack%20Panic%20Backtrace
-----

 GET / 200 in 1090ms (compile: 11ms, render: 1079ms)

-----
[1m[31mFATAL[39m[0m: An unexpected Turbopack error occurred. A panic log has been written to C:\Users\arzap\AppData\Local\Temp\next-panic-e554eeb43ed6b36fee1221e4ed151a00.log.

To help make Turbopack better, report this error by clicking here: https://github.com/vercel/next.js/discussions/new?category=turbopack-error-report&title=Turbopack%20Error%3A%20Failed%20to%20write%20app%20endpoint%20%2Fpage&body=Turbopack%20version%3A%20%6023c46498%60%0ANext.js%20version%3A%20%600.0.0%60%0A%0AError%20message%3A%0A%60%60%60%0ATurbopack%20Error%3A%20Failed%20to%20write%20app%20endpoint%20%2Fpage%0A%60%60%60&labels=Turbopack,Turbopack%20Panic%20Backtrace
-----

 GET / 200 in 946ms (compile: 27ms, render: 919ms)

-----
[1m[31mFATAL[39m[0m: An unexpected Turbopack error occurred. A panic log has been written to C:\Users\arzap\AppData\Local\Temp\next-panic-e554eeb43ed6b36fee1221e4ed151a00.log.

To help make Turbopack better, report this error by clicking here: https://github.com/vercel/next.js/discussions/new?category=turbopack-error-report&title=Turbopack%20Error%3A%20Failed%20to%20write%20app%20endpoint%20%2Fpage&body=Turbopack%20version%3A%20%6023c46498%60%0ANext.js%20version%3A%20%600.0.0%60%0A%0AError%20message%3A%0A%60%60%60%0ATurbopack%20Error%3A%20Failed%20to%20write%20app%20endpoint%20%2Fpage%0A%60%60%60&labels=Turbopack,Turbopack%20Panic%20Backtrace
-----

 GET / 200 in 1061ms (compile: 43ms, render: 1018ms)

-----
[1m[31mFATAL[39m[0m: An unexpected Turbopack error occurred. A panic log has been written to C:\Users\arzap\AppData\Local\Temp\next-panic-e554eeb43ed6b36fee1221e4ed151a00.log.

To help make Turbopack better, report this error by clicking here: https://github.com/vercel/next.js/discussions/new?category=turbopack-error-report&title=Turbopack%20Error%3A%20Failed%20to%20write%20app%20endpoint%20%2Fpage&body=Turbopack%20version%3A%20%6023c46498%60%0ANext.js%20version%3A%20%600.0.0%60%0A%0AError%20message%3A%0A%60%60%60%0ATurbopack%20Error%3A%20Failed%20to%20write%20app%20endpoint%20%2Fpage%0A%60%60%60&labels=Turbopack,Turbopack%20Panic%20Backtrace
-----

 GET / 200 in 1067ms (compile: 16ms, render: 1051ms)

-----
[1m[31mFATAL[39m[0m: An unexpected Turbopack error occurred. A panic log has been written to C:\Users\arzap\AppData\Local\Temp\next-panic-e554eeb43ed6b36fee1221e4ed151a00.log.

To help make Turbopack better, report this error by clicking here: https://github.com/vercel/next.js/discussions/new?category=turbopack-error-report&title=Turbopack%20Error%3A%20Failed%20to%20write%20app%20endpoint%20%2Fpage&body=Turbopack%20version%3A%20%6023c46498%60%0ANext.js%20version%3A%20%600.0.0%60%0A%0AError%20message%3A%0A%60%60%60%0ATurbopack%20Error%3A%20Failed%20to%20write%20app%20endpoint%20%2Fpage%0A%60%60%60&labels=Turbopack,Turbopack%20Panic%20Backtrace
-----

 GET / 200 in 1525ms (compile: 15ms, render: 1510ms)

-----
[1m[31mFATAL[39m[0m: An unexpected Turbopack error occurred. A panic log has been written to C:\Users\arzap\AppData\Local\Temp\next-panic-e554eeb43ed6b36fee1221e4ed151a00.log.

To help make Turbopack better, report this error by clicking here: https://github.com/vercel/next.js/discussions/new?category=turbopack-error-report&title=Turbopack%20Error%3A%20Failed%20to%20write%20app%20endpoint%20%2Fpage&body=Turbopack%20version%3A%20%6023c46498%60%0ANext.js%20version%3A%20%600.0.0%60%0A%0AError%20message%3A%0A%60%60%60%0ATurbopack%20Error%3A%20Failed%20to%20write%20app%20endpoint%20%2Fpage%0A%60%60%60&labels=Turbopack,Turbopack%20Panic%20Backtrace
-----

 GET / 200 in 1053ms (compile: 25ms, render: 1028ms)

-----
[1m[31mFATAL[39m[0m: An unexpected Turbopack error occurred. A panic log has been written to C:\Users\arzap\AppData\Local\Temp\next-panic-e554eeb43ed6b36fee1221e4ed151a00.log.

To help make Turbopack better, report this error by clicking here: https://github.com/vercel/next.js/discussions/new?category=turbopack-error-report&title=Turbopack%20Error%3A%20Failed%20to%20write%20app%20endpoint%20%2Fpage&body=Turbopack%20version%3A%20%6023c46498%60%0ANext.js%20version%3A%20%600.0.0%60%0A%0AError%20message%3A%0A%60%60%60%0ATurbopack%20Error%3A%20Failed%20to%20write%20app%20endpoint%20%2Fpage%0A%60%60%60&labels=Turbopack,Turbopack%20Panic%20Backtrace
-----

 GET / 200 in 1588ms (compile: 17ms, render: 1571ms)

-----
[1m[31mFATAL[39m[0m: An unexpected Turbopack error occurred. A panic log has been written to C:\Users\arzap\AppData\Local\Temp\next-panic-e554eeb43ed6b36fee1221e4ed151a00.log.

To help make Turbopack better, report this error by clicking here: https://github.com/vercel/next.js/discussions/new?category=turbopack-error-report&title=Turbopack%20Error%3A%20Failed%20to%20write%20app%20endpoint%20%2Fpage&body=Turbopack%20version%3A%20%6023c46498%60%0ANext.js%20version%3A%20%600.0.0%60%0A%0AError%20message%3A%0A%60%60%60%0ATurbopack%20Error%3A%20Failed%20to%20write%20app%20endpoint%20%2Fpage%0A%60%60%60&labels=Turbopack,Turbopack%20Panic%20Backtrace
-----

 GET / 200 in 1114ms (compile: 12ms, render: 1103ms)

-----
[1m[31mFATAL[39m[0m: An unexpected Turbopack error occurred. A panic log has been written to C:\Users\arzap\AppData\Local\Temp\next-panic-e554eeb43ed6b36fee1221e4ed151a00.log.

To help make Turbopack better, report this error by clicking here: https://github.com/vercel/next.js/discussions/new?category=turbopack-error-report&title=Turbopack%20Error%3A%20Failed%20to%20write%20app%20endpoint%20%2Fpage&body=Turbopack%20version%3A%20%6023c46498%60%0ANext.js%20version%3A%20%600.0.0%60%0A%0AError%20message%3A%0A%60%60%60%0ATurbopack%20Error%3A%20Failed%20to%20write%20app%20endpoint%20%2Fpage%0A%60%60%60&labels=Turbopack,Turbopack%20Panic%20Backtrace
-----

 GET / 200 in 2.5s (compile: 28ms, render: 2.5s)

-----
[1m[31mFATAL[39m[0m: An unexpected Turbopack error occurred. A panic log has been written to C:\Users\arzap\AppData\Local\Temp\next-panic-e554eeb43ed6b36fee1221e4ed151a00.log.

To help make Turbopack better, report this error by clicking here: https://github.com/vercel/next.js/discussions/new?category=turbopack-error-report&title=Turbopack%20Error%3A%20Failed%20to%20write%20app%20endpoint%20%2Fpage&body=Turbopack%20version%3A%20%6023c46498%60%0ANext.js%20version%3A%20%600.0.0%60%0A%0AError%20message%3A%0A%60%60%60%0ATurbopack%20Error%3A%20Failed%20to%20write%20app%20endpoint%20%2Fpage%0A%60%60%60&labels=Turbopack,Turbopack%20Panic%20Backtrace
-----

 GET / 200 in 2.2s (compile: 40ms, render: 2.2s)

-----
[1m[31mFATAL[39m[0m: An unexpected Turbopack error occurred. A panic log has been written to C:\Users\arzap\AppData\Local\Temp\next-panic-e554eeb43ed6b36fee1221e4ed151a00.log.

To help make Turbopack better, report this error by clicking here: https://github.com/vercel/next.js/discussions/new?category=turbopack-error-report&title=Turbopack%20Error%3A%20Failed%20to%20write%20app%20endpoint%20%2Fpage&body=Turbopack%20version%3A%20%6023c46498%60%0ANext.js%20version%3A%20%600.0.0%60%0A%0AError%20message%3A%0A%60%60%60%0ATurbopack%20Error%3A%20Failed%20to%20write%20app%20endpoint%20%2Fpage%0A%60%60%60&labels=Turbopack,Turbopack%20Panic%20Backtrace
-----

 GET / 200 in 1961ms (compile: 22ms, render: 1939ms)

-----
[1m[31mFATAL[39m[0m: An unexpected Turbopack error occurred. A panic log has been written to C:\Users\arzap\AppData\Local\Temp\next-panic-e554eeb43ed6b36fee1221e4ed151a00.log.

To help make Turbopack better, report this error by clicking here: https://github.com/vercel/next.js/discussions/new?category=turbopack-error-report&title=Turbopack%20Error%3A%20Failed%20to%20write%20app%20endpoint%20%2Fpage&body=Turbopack%20version%3A%20%6023c46498%60%0ANext.js%20version%3A%20%600.0.0%60%0A%0AError%20message%3A%0A%60%60%60%0ATurbopack%20Error%3A%20Failed%20to%20write%20app%20endpoint%20%2Fpage%0A%60%60%60&labels=Turbopack,Turbopack%20Panic%20Backtrace
-----

 GET / 200 in 1348ms (compile: 39ms, render: 1309ms)

-----
[1m[31mFATAL[39m[0m: An unexpected Turbopack error occurred. A panic log has been written to C:\Users\arzap\AppData\Local\Temp\next-panic-e554eeb43ed6b36fee1221e4ed151a00.log.

To help make Turbopack better, report this error by clicking here: https://github.com/vercel/next.js/discussions/new?category=turbopack-error-report&title=Turbopack%20Error%3A%20Failed%20to%20write%20app%20endpoint%20%2Fpage&body=Turbopack%20version%3A%20%6023c46498%60%0ANext.js%20version%3A%20%600.0.0%60%0A%0AError%20message%3A%0A%60%60%60%0ATurbopack%20Error%3A%20Failed%20to%20write%20app%20endpoint%20%2Fpage%0A%60%60%60&labels=Turbopack,Turbopack%20Panic%20Backtrace
-----

 GET / 200 in 1037ms (compile: 13ms, render: 1024ms)

-----
[1m[31mFATAL[39m[0m: An unexpected Turbopack error occurred. A panic log has been written to C:\Users\arzap\AppData\Local\Temp\next-panic-e554eeb43ed6b36fee1221e4ed151a00.log.

To help make Turbopack better, report this error by clicking here: https://github.com/vercel/next.js/discussions/new?category=turbopack-error-report&title=Turbopack%20Error%3A%20Failed%20to%20write%20app%20endpoint%20%2Fpage&body=Turbopack%20version%3A%20%6023c46498%60%0ANext.js%20version%3A%20%600.0.0%60%0A%0AError%20message%3A%0A%60%60%60%0ATurbopack%20Error%3A%20Failed%20to%20write%20app%20endpoint%20%2Fpage%0A%60%60%60&labels=Turbopack,Turbopack%20Panic%20Backtrace
-----

 GET / 200 in 868ms (compile: 18ms, render: 850ms)

-----
[1m[31mFATAL[39m[0m: An unexpected Turbopack error occurred. A panic log has been written to C:\Users\arzap\AppData\Local\Temp\next-panic-e554eeb43ed6b36fee1221e4ed151a00.log.

To help make Turbopack better, report this error by clicking here: https://github.com/vercel/next.js/discussions/new?category=turbopack-error-report&title=Turbopack%20Error%3A%20Failed%20to%20write%20app%20endpoint%20%2Fpage&body=Turbopack%20version%3A%20%6023c46498%60%0ANext.js%20version%3A%20%600.0.0%60%0A%0AError%20message%3A%0A%60%60%60%0ATurbopack%20Error%3A%20Failed%20to%20write%20app%20endpoint%20%2Fpage%0A%60%60%60&labels=Turbopack,Turbopack%20Panic%20Backtrace
-----

 GET / 200 in 1585ms (compile: 14ms, render: 1571ms)

-----
[1m[31mFATAL[39m[0m: An unexpected Turbopack error occurred. A panic log has been written to C:\Users\arzap\AppData\Local\Temp\next-panic-e554eeb43ed6b36fee1221e4ed151a00.log.

To help make Turbopack better, report this error by clicking here: https://github.com/vercel/next.js/discussions/new?category=turbopack-error-report&title=Turbopack%20Error%3A%20Failed%20to%20write%20app%20endpoint%20%2Fpage&body=Turbopack%20version%3A%20%6023c46498%60%0ANext.js%20version%3A%20%600.0.0%60%0A%0AError%20message%3A%0A%60%60%60%0ATurbopack%20Error%3A%20Failed%20to%20write%20app%20endpoint%20%2Fpage%0A%60%60%60&labels=Turbopack,Turbopack%20Panic%20Backtrace
-----

 GET / 200 in 1130ms (compile: 12ms, render: 1118ms)

-----
[1m[31mFATAL[39m[0m: An unexpected Turbopack error occurred. A panic log has been written to C:\Users\arzap\AppData\Local\Temp\next-panic-e554eeb43ed6b36fee1221e4ed151a00.log.

To help make Turbopack better, report this error by clicking here: https://github.com/vercel/next.js/discussions/new?category=turbopack-error-report&title=Turbopack%20Error%3A%20Failed%20to%20write%20app%20endpoint%20%2Fpage&body=Turbopack%20version%3A%20%6023c46498%60%0ANext.js%20version%3A%20%600.0.0%60%0A%0AError%20message%3A%0A%60%60%60%0ATurbopack%20Error%3A%20Failed%20to%20write%20app%20endpoint%20%2Fpage%0A%60%60%60&labels=Turbopack,Turbopack%20Panic%20Backtrace
-----

 GET / 200 in 1041ms (compile: 15ms, render: 1026ms)

-----
[1m[31mFATAL[39m[0m: An unexpected Turbopack error occurred. A panic log has been written to C:\Users\arzap\AppData\Local\Temp\next-panic-e554eeb43ed6b36fee1221e4ed151a00.log.

To help make Turbopack better, report this error by clicking here: https://github.com/vercel/next.js/discussions/new?category=turbopack-error-report&title=Turbopack%20Error%3A%20Failed%20to%20write%20app%20endpoint%20%2Fpage&body=Turbopack%20version%3A%20%6023c46498%60%0ANext.js%20version%3A%20%600.0.0%60%0A%0AError%20message%3A%0A%60%60%60%0ATurbopack%20Error%3A%20Failed%20to%20write%20app%20endpoint%20%2Fpage%0A%60%60%60&labels=Turbopack,Turbopack%20Panic%20Backtrace
-----

 GET / 200 in 1611ms (compile: 12ms, render: 1599ms)

-----
[1m[31mFATAL[39m[0m: An unexpected Turbopack error occurred. A panic log has been written to C:\Users\arzap\AppData\Local\Temp\next-panic-e554eeb43ed6b36fee1221e4ed151a00.log.

To help make Turbopack better, report this error by clicking here: https://github.com/vercel/next.js/discussions/new?category=turbopack-error-report&title=Turbopack%20Error%3A%20Failed%20to%20write%20app%20endpoint%20%2Fpage&body=Turbopack%20version%3A%20%6023c46498%60%0ANext.js%20version%3A%20%600.0.0%60%0A%0AError%20message%3A%0A%60%60%60%0ATurbopack%20Error%3A%20Failed%20to%20write%20app%20endpoint%20%2Fpage%0A%60%60%60&labels=Turbopack,Turbopack%20Panic%20Backtrace
-----

 GET / 200 in 1794ms (compile: 14ms, render: 1780ms)

-----
[1m[31mFATAL[39m[0m: An unexpected Turbopack error occurred. A panic log has been written to C:\Users\arzap\AppData\Local\Temp\next-panic-e554eeb43ed6b36fee1221e4ed151a00.log.

To help make Turbopack better, report this error by clicking here: https://github.com/vercel/next.js/discussions/new?category=turbopack-error-report&title=Turbopack%20Error%3A%20Failed%20to%20write%20app%20endpoint%20%2Fpage&body=Turbopack%20version%3A%20%6023c46498%60%0ANext.js%20version%3A%20%600.0.0%60%0A%0AError%20message%3A%0A%60%60%60%0ATurbopack%20Error%3A%20Failed%20to%20write%20app%20endpoint%20%2Fpage%0A%60%60%60&labels=Turbopack,Turbopack%20Panic%20Backtrace
-----


-----
[1m[31mFATAL[39m[0m: An unexpected Turbopack error occurred. A panic log has been written to C:\Users\arzap\AppData\Local\Temp\next-panic-e554eeb43ed6b36fee1221e4ed151a00.log.

To help make Turbopack better, report this error by clicking here: https://github.com/vercel/next.js/discussions/new?category=turbopack-error-report&title=Turbopack%20Error%3A%20Failed%20to%20write%20app%20endpoint%20%2Fpage&body=Turbopack%20version%3A%20%6023c46498%60%0ANext.js%20version%3A%20%600.0.0%60%0A%0AError%20message%3A%0A%60%60%60%0ATurbopack%20Error%3A%20Failed%20to%20write%20app%20endpoint%20%2Fpage%0A%60%60%60&labels=Turbopack,Turbopack%20Panic%20Backtrace
-----

 GET / 200 in 4.1s (compile: 11ms, render: 4.1s)

-----
[1m[31mFATAL[39m[0m: An unexpected Turbopack error occurred. A panic log has been written to C:\Users\arzap\AppData\Local\Temp\next-panic-e554eeb43ed6b36fee1221e4ed151a00.log.

To help make Turbopack better, report this error by clicking here: https://github.com/vercel/next.js/discussions/new?category=turbopack-error-report&title=Turbopack%20Error%3A%20Failed%20to%20write%20app%20endpoint%20%2Fpage&body=Turbopack%20version%3A%20%6023c46498%60%0ANext.js%20version%3A%20%600.0.0%60%0A%0AError%20message%3A%0A%60%60%60%0ATurbopack%20Error%3A%20Failed%20to%20write%20app%20endpoint%20%2Fpage%0A%60%60%60&labels=Turbopack,Turbopack%20Panic%20Backtrace
-----

 GET / 200 in 853ms (compile: 12ms, render: 841ms)

-----
[1m[31mFATAL[39m[0m: An unexpected Turbopack error occurred. A panic log has been written to C:\Users\arzap\AppData\Local\Temp\next-panic-e554eeb43ed6b36fee1221e4ed151a00.log.

To help make Turbopack better, report this error by clicking here: https://github.com/vercel/next.js/discussions/new?category=turbopack-error-report&title=Turbopack%20Error%3A%20Failed%20to%20write%20app%20endpoint%20%2Fpage&body=Turbopack%20version%3A%20%6023c46498%60%0ANext.js%20version%3A%20%600.0.0%60%0A%0AError%20message%3A%0A%60%60%60%0ATurbopack%20Error%3A%20Failed%20to%20write%20app%20endpoint%20%2Fpage%0A%60%60%60&labels=Turbopack,Turbopack%20Panic%20Backtrace
-----

 GET / 200 in 950ms (compile: 10ms, render: 939ms)

-----
[1m[31mFATAL[39m[0m: An unexpected Turbopack error occurred. A panic log has been written to C:\Users\arzap\AppData\Local\Temp\next-panic-e554eeb43ed6b36fee1221e4ed151a00.log.

To help make Turbopack better, report this error by clicking here: https://github.com/vercel/next.js/discussions/new?category=turbopack-error-report&title=Turbopack%20Error%3A%20Failed%20to%20write%20app%20endpoint%20%2Fpage&body=Turbopack%20version%3A%20%6023c46498%60%0ANext.js%20version%3A%20%600.0.0%60%0A%0AError%20message%3A%0A%60%60%60%0ATurbopack%20Error%3A%20Failed%20to%20write%20app%20endpoint%20%2Fpage%0A%60%60%60&labels=Turbopack,Turbopack%20Panic%20Backtrace
-----

 GET / 200 in 825ms (compile: 13ms, render: 812ms)

-----
[1m[31mFATAL[39m[0m: An unexpected Turbopack error occurred. A panic log has been written to C:\Users\arzap\AppData\Local\Temp\next-panic-e554eeb43ed6b36fee1221e4ed151a00.log.

To help make Turbopack better, report this error by clicking here: https://github.com/vercel/next.js/discussions/new?category=turbopack-error-report&title=Turbopack%20Error%3A%20Failed%20to%20write%20app%20endpoint%20%2Fpage&body=Turbopack%20version%3A%20%6023c46498%60%0ANext.js%20version%3A%20%600.0.0%60%0A%0AError%20message%3A%0A%60%60%60%0ATurbopack%20Error%3A%20Failed%20to%20write%20app%20endpoint%20%2Fpage%0A%60%60%60&labels=Turbopack,Turbopack%20Panic%20Backtrace
-----

 GET / 200 in 1607ms (compile: 14ms, render: 1593ms)

-----
[1m[31mFATAL[39m[0m: An unexpected Turbopack error occurred. A panic log has been written to C:\Users\arzap\AppData\Local\Temp\next-panic-e554eeb43ed6b36fee1221e4ed151a00.log.

To help make Turbopack better, report this error by clicking here: https://github.com/vercel/next.js/discussions/new?category=turbopack-error-report&title=Turbopack%20Error%3A%20Failed%20to%20write%20app%20endpoint%20%2Fpage&body=Turbopack%20version%3A%20%6023c46498%60%0ANext.js%20version%3A%20%600.0.0%60%0A%0AError%20message%3A%0A%60%60%60%0ATurbopack%20Error%3A%20Failed%20to%20write%20app%20endpoint%20%2Fpage%0A%60%60%60&labels=Turbopack,Turbopack%20Panic%20Backtrace
-----

 GET / 200 in 1968ms (compile: 14ms, render: 1954ms)

-----
[1m[31mFATAL[39m[0m: An unexpected Turbopack error occurred. A panic log has been written to C:\Users\arzap\AppData\Local\Temp\next-panic-e554eeb43ed6b36fee1221e4ed151a00.log.

To help make Turbopack better, report this error by clicking here: https://github.com/vercel/next.js/discussions/new?category=turbopack-error-report&title=Turbopack%20Error%3A%20Failed%20to%20write%20app%20endpoint%20%2Fpage&body=Turbopack%20version%3A%20%6023c46498%60%0ANext.js%20version%3A%20%600.0.0%60%0A%0AError%20message%3A%0A%60%60%60%0ATurbopack%20Error%3A%20Failed%20to%20write%20app%20endpoint%20%2Fpage%0A%60%60%60&labels=Turbopack,Turbopack%20Panic%20Backtrace
-----

 GET / 200 in 931ms (compile: 17ms, render: 913ms)

-----
[1m[31mFATAL[39m[0m: An unexpected Turbopack error occurred. A panic log has been written to C:\Users\arzap\AppData\Local\Temp\next-panic-e554eeb43ed6b36fee1221e4ed151a00.log.

To help make Turbopack better, report this error by clicking here: https://github.com/vercel/next.js/discussions/new?category=turbopack-error-report&title=Turbopack%20Error%3A%20Failed%20to%20write%20app%20endpoint%20%2Fpage&body=Turbopack%20version%3A%20%6023c46498%60%0ANext.js%20version%3A%20%600.0.0%60%0A%0AError%20message%3A%0A%60%60%60%0ATurbopack%20Error%3A%20Failed%20to%20write%20app%20endpoint%20%2Fpage%0A%60%60%60&labels=Turbopack,Turbopack%20Panic%20Backtrace
-----

 GET / 200 in 3.2s (compile: 19ms, render: 3.2s)

-----
[1m[31mFATAL[39m[0m: An unexpected Turbopack error occurred. A panic log has been written to C:\Users\arzap\AppData\Local\Temp\next-panic-e554eeb43ed6b36fee1221e4ed151a00.log.

To help make Turbopack better, report this error by clicking here: https://github.com/vercel/next.js/discussions/new?category=turbopack-error-report&title=Turbopack%20Error%3A%20Failed%20to%20write%20app%20endpoint%20%2Fpage&body=Turbopack%20version%3A%20%6023c46498%60%0ANext.js%20version%3A%20%600.0.0%60%0A%0AError%20message%3A%0A%60%60%60%0ATurbopack%20Error%3A%20Failed%20to%20write%20app%20endpoint%20%2Fpage%0A%60%60%60&labels=Turbopack,Turbopack%20Panic%20Backtrace
-----


-----
[1m[31mFATAL[39m[0m: An unexpected Turbopack error occurred. A panic log has been written to C:\Users\arzap\AppData\Local\Temp\next-panic-e554eeb43ed6b36fee1221e4ed151a00.log.

To help make Turbopack better, report this error by clicking here: https://github.com/vercel/next.js/discussions/new?category=turbopack-error-report&title=Turbopack%20Error%3A%20Failed%20to%20write%20app%20endpoint%20%2Fpage&body=Turbopack%20version%3A%20%6023c46498%60%0ANext.js%20version%3A%20%600.0.0%60%0A%0AError%20message%3A%0A%60%60%60%0ATurbopack%20Error%3A%20Failed%20to%20write%20app%20endpoint%20%2Fpage%0A%60%60%60&labels=Turbopack,Turbopack%20Panic%20Backtrace
-----

 GET / 200 in 2.2s (compile: 35ms, render: 2.2s)

-----
[1m[31mFATAL[39m[0m: An unexpected Turbopack error occurred. A panic log has been written to C:\Users\arzap\AppData\Local\Temp\next-panic-e554eeb43ed6b36fee1221e4ed151a00.log.

To help make Turbopack better, report this error by clicking here: https://github.com/vercel/next.js/discussions/new?category=turbopack-error-report&title=Turbopack%20Error%3A%20Failed%20to%20write%20app%20endpoint%20%2Fpage&body=Turbopack%20version%3A%20%6023c46498%60%0ANext.js%20version%3A%20%600.0.0%60%0A%0AError%20message%3A%0A%60%60%60%0ATurbopack%20Error%3A%20Failed%20to%20write%20app%20endpoint%20%2Fpage%0A%60%60%60&labels=Turbopack,Turbopack%20Panic%20Backtrace
-----

 GET / 200 in 1540ms (compile: 51ms, render: 1489ms)

-----
[1m[31mFATAL[39m[0m: An unexpected Turbopack error occurred. A panic log has been written to C:\Users\arzap\AppData\Local\Temp\next-panic-e554eeb43ed6b36fee1221e4ed151a00.log.

To help make Turbopack better, report this error by clicking here: https://github.com/vercel/next.js/discussions/new?category=turbopack-error-report&title=Turbopack%20Error%3A%20Failed%20to%20write%20app%20endpoint%20%2Fpage&body=Turbopack%20version%3A%20%6023c46498%60%0ANext.js%20version%3A%20%600.0.0%60%0A%0AError%20message%3A%0A%60%60%60%0ATurbopack%20Error%3A%20Failed%20to%20write%20app%20endpoint%20%2Fpage%0A%60%60%60&labels=Turbopack,Turbopack%20Panic%20Backtrace
-----


-----
[1m[31mFATAL[39m[0m: An unexpected Turbopack error occurred. A panic log has been written to C:\Users\arzap\AppData\Local\Temp\next-panic-e554eeb43ed6b36fee1221e4ed151a00.log.

To help make Turbopack better, report this error by clicking here: https://github.com/vercel/next.js/discussions/new?category=turbopack-error-report&title=Turbopack%20Error%3A%20Failed%20to%20write%20app%20endpoint%20%2Fpage&body=Turbopack%20version%3A%20%6023c46498%60%0ANext.js%20version%3A%20%600.0.0%60%0A%0AError%20message%3A%0A%60%60%60%0ATurbopack%20Error%3A%20Failed%20to%20write%20app%20endpoint%20%2Fpage%0A%60%60%60&labels=Turbopack,Turbopack%20Panic%20Backtrace
-----

 GET / 200 in 2.1s (compile: 20ms, render: 2.1s)

-----
[1m[31mFATAL[39m[0m: An unexpected Turbopack error occurred. A panic log has been written to C:\Users\arzap\AppData\Local\Temp\next-panic-e554eeb43ed6b36fee1221e4ed151a00.log.

To help make Turbopack better, report this error by clicking here: https://github.com/vercel/next.js/discussions/new?category=turbopack-error-report&title=Turbopack%20Error%3A%20Failed%20to%20write%20app%20endpoint%20%2Fpage&body=Turbopack%20version%3A%20%6023c46498%60%0ANext.js%20version%3A%20%600.0.0%60%0A%0AError%20message%3A%0A%60%60%60%0ATurbopack%20Error%3A%20Failed%20to%20write%20app%20endpoint%20%2Fpage%0A%60%60%60&labels=Turbopack,Turbopack%20Panic%20Backtrace
-----

 GET / 200 in 2.0s (compile: 42ms, render: 1969ms)

-----
[1m[31mFATAL[39m[0m: An unexpected Turbopack error occurred. A panic log has been written to C:\Users\arzap\AppData\Local\Temp\next-panic-e554eeb43ed6b36fee1221e4ed151a00.log.

To help make Turbopack better, report this error by clicking here: https://github.com/vercel/next.js/discussions/new?category=turbopack-error-report&title=Turbopack%20Error%3A%20Failed%20to%20write%20app%20endpoint%20%2Fpage&body=Turbopack%20version%3A%20%6023c46498%60%0ANext.js%20version%3A%20%600.0.0%60%0A%0AError%20message%3A%0A%60%60%60%0ATurbopack%20Error%3A%20Failed%20to%20write%20app%20endpoint%20%2Fpage%0A%60%60%60&labels=Turbopack,Turbopack%20Panic%20Backtrace
-----

 GET / 200 in 695ms (compile: 22ms, render: 673ms)

-----
[1m[31mFATAL[39m[0m: An unexpected Turbopack error occurred. A panic log has been written to C:\Users\arzap\AppData\Local\Temp\next-panic-e554eeb43ed6b36fee1221e4ed151a00.log.

To help make Turbopack better, report this error by clicking here: https://github.com/vercel/next.js/discussions/new?category=turbopack-error-report&title=Turbopack%20Error%3A%20Failed%20to%20write%20app%20endpoint%20%2Fpage&body=Turbopack%20version%3A%20%6023c46498%60%0ANext.js%20version%3A%20%600.0.0%60%0A%0AError%20message%3A%0A%60%60%60%0ATurbopack%20Error%3A%20Failed%20to%20write%20app%20endpoint%20%2Fpage%0A%60%60%60&labels=Turbopack,Turbopack%20Panic%20Backtrace
-----

 GET / 200 in 871ms (compile: 33ms, render: 838ms)

-----
[1m[31mFATAL[39m[0m: An unexpected Turbopack error occurred. A panic log has been written to C:\Users\arzap\AppData\Local\Temp\next-panic-e554eeb43ed6b36fee1221e4ed151a00.log.

To help make Turbopack better, report this error by clicking here: https://github.com/vercel/next.js/discussions/new?category=turbopack-error-report&title=Turbopack%20Error%3A%20Failed%20to%20write%20app%20endpoint%20%2Fpage&body=Turbopack%20version%3A%20%6023c46498%60%0ANext.js%20version%3A%20%600.0.0%60%0A%0AError%20message%3A%0A%60%60%60%0ATurbopack%20Error%3A%20Failed%20to%20write%20app%20endpoint%20%2Fpage%0A%60%60%60&labels=Turbopack,Turbopack%20Panic%20Backtrace
-----

 GET / 200 in 1332ms (compile: 21ms, render: 1311ms)

-----
[1m[31mFATAL[39m[0m: An unexpected Turbopack error occurred. A panic log has been written to C:\Users\arzap\AppData\Local\Temp\next-panic-e554eeb43ed6b36fee1221e4ed151a00.log.

To help make Turbopack better, report this error by clicking here: https://github.com/vercel/next.js/discussions/new?category=turbopack-error-report&title=Turbopack%20Error%3A%20Failed%20to%20write%20app%20endpoint%20%2Fpage&body=Turbopack%20version%3A%20%6023c46498%60%0ANext.js%20version%3A%20%600.0.0%60%0A%0AError%20message%3A%0A%60%60%60%0ATurbopack%20Error%3A%20Failed%20to%20write%20app%20endpoint%20%2Fpage%0A%60%60%60&labels=Turbopack,Turbopack%20Panic%20Backtrace
-----

 GET / 200 in 942ms (compile: 30ms, render: 912ms)

-----
[1m[31mFATAL[39m[0m: An unexpected Turbopack error occurred. A panic log has been written to C:\Users\arzap\AppData\Local\Temp\next-panic-e554eeb43ed6b36fee1221e4ed151a00.log.

To help make Turbopack better, report this error by clicking here: https://github.com/vercel/next.js/discussions/new?category=turbopack-error-report&title=Turbopack%20Error%3A%20Failed%20to%20write%20app%20endpoint%20%2Fpage&body=Turbopack%20version%3A%20%6023c46498%60%0ANext.js%20version%3A%20%600.0.0%60%0A%0AError%20message%3A%0A%60%60%60%0ATurbopack%20Error%3A%20Failed%20to%20write%20app%20endpoint%20%2Fpage%0A%60%60%60&labels=Turbopack,Turbopack%20Panic%20Backtrace
-----

 GET / 200 in 1254ms (compile: 47ms, render: 1208ms)

-----
[1m[31mFATAL[39m[0m: An unexpected Turbopack error occurred. A panic log has been written to C:\Users\arzap\AppData\Local\Temp\next-panic-e554eeb43ed6b36fee1221e4ed151a00.log.

To help make Turbopack better, report this error by clicking here: https://github.com/vercel/next.js/discussions/new?category=turbopack-error-report&title=Turbopack%20Error%3A%20Failed%20to%20write%20app%20endpoint%20%2Fpage&body=Turbopack%20version%3A%20%6023c46498%60%0ANext.js%20version%3A%20%600.0.0%60%0A%0AError%20message%3A%0A%60%60%60%0ATurbopack%20Error%3A%20Failed%20to%20write%20app%20endpoint%20%2Fpage%0A%60%60%60&labels=Turbopack,Turbopack%20Panic%20Backtrace
-----

 GET / 200 in 3.0s (compile: 31ms, render: 3.0s)

-----
[1m[31mFATAL[39m[0m: An unexpected Turbopack error occurred. A panic log has been written to C:\Users\arzap\AppData\Local\Temp\next-panic-e554eeb43ed6b36fee1221e4ed151a00.log.

To help make Turbopack better, report this error by clicking here: https://github.com/vercel/next.js/discussions/new?category=turbopack-error-report&title=Turbopack%20Error%3A%20Failed%20to%20write%20app%20endpoint%20%2Fpage&body=Turbopack%20version%3A%20%6023c46498%60%0ANext.js%20version%3A%20%600.0.0%60%0A%0AError%20message%3A%0A%60%60%60%0ATurbopack%20Error%3A%20Failed%20to%20write%20app%20endpoint%20%2Fpage%0A%60%60%60&labels=Turbopack,Turbopack%20Panic%20Backtrace
-----

 GET / 200 in 1667ms (compile: 20ms, render: 1647ms)

-----
[1m[31mFATAL[39m[0m: An unexpected Turbopack error occurred. A panic log has been written to C:\Users\arzap\AppData\Local\Temp\next-panic-e554eeb43ed6b36fee1221e4ed151a00.log.

To help make Turbopack better, report this error by clicking here: https://github.com/vercel/next.js/discussions/new?category=turbopack-error-report&title=Turbopack%20Error%3A%20Failed%20to%20write%20app%20endpoint%20%2Fpage&body=Turbopack%20version%3A%20%6023c46498%60%0ANext.js%20version%3A%20%600.0.0%60%0A%0AError%20message%3A%0A%60%60%60%0ATurbopack%20Error%3A%20Failed%20to%20write%20app%20endpoint%20%2Fpage%0A%60%60%60&labels=Turbopack,Turbopack%20Panic%20Backtrace
-----

 GET / 200 in 935ms (compile: 34ms, render: 901ms)

-----
[1m[31mFATAL[39m[0m: An unexpected Turbopack error occurred. A panic log has been written to C:\Users\arzap\AppData\Local\Temp\next-panic-e554eeb43ed6b36fee1221e4ed151a00.log.

To help make Turbopack better, report this error by clicking here: https://github.com/vercel/next.js/discussions/new?category=turbopack-error-report&title=Turbopack%20Error%3A%20Failed%20to%20write%20app%20endpoint%20%2Fpage&body=Turbopack%20version%3A%20%6023c46498%60%0ANext.js%20version%3A%20%600.0.0%60%0A%0AError%20message%3A%0A%60%60%60%0ATurbopack%20Error%3A%20Failed%20to%20write%20app%20endpoint%20%2Fpage%0A%60%60%60&labels=Turbopack,Turbopack%20Panic%20Backtrace
-----

 GET / 200 in 1244ms (compile: 32ms, render: 1212ms)

-----
[1m[31mFATAL[39m[0m: An unexpected Turbopack error occurred. A panic log has been written to C:\Users\arzap\AppData\Local\Temp\next-panic-e554eeb43ed6b36fee1221e4ed151a00.log.

To help make Turbopack better, report this error by clicking here: https://github.com/vercel/next.js/discussions/new?category=turbopack-error-report&title=Turbopack%20Error%3A%20Failed%20to%20write%20app%20endpoint%20%2Fpage&body=Turbopack%20version%3A%20%6023c46498%60%0ANext.js%20version%3A%20%600.0.0%60%0A%0AError%20message%3A%0A%60%60%60%0ATurbopack%20Error%3A%20Failed%20to%20write%20app%20endpoint%20%2Fpage%0A%60%60%60&labels=Turbopack,Turbopack%20Panic%20Backtrace
-----

 GET / 200 in 1995ms (compile: 44ms, render: 1951ms)

-----
[1m[31mFATAL[39m[0m: An unexpected Turbopack error occurred. A panic log has been written to C:\Users\arzap\AppData\Local\Temp\next-panic-e554eeb43ed6b36fee1221e4ed151a00.log.

To help make Turbopack better, report this error by clicking here: https://github.com/vercel/next.js/discussions/new?category=turbopack-error-report&title=Turbopack%20Error%3A%20Failed%20to%20write%20app%20endpoint%20%2Fpage&body=Turbopack%20version%3A%20%6023c46498%60%0ANext.js%20version%3A%20%600.0.0%60%0A%0AError%20message%3A%0A%60%60%60%0ATurbopack%20Error%3A%20Failed%20to%20write%20app%20endpoint%20%2Fpage%0A%60%60%60&labels=Turbopack,Turbopack%20Panic%20Backtrace
-----

 GET / 200 in 2.6s (compile: 34ms, render: 2.6s)

-----
[1m[31mFATAL[39m[0m: An unexpected Turbopack error occurred. A panic log has been written to C:\Users\arzap\AppData\Local\Temp\next-panic-e554eeb43ed6b36fee1221e4ed151a00.log.

To help make Turbopack better, report this error by clicking here: https://github.com/vercel/next.js/discussions/new?category=turbopack-error-report&title=Turbopack%20Error%3A%20Failed%20to%20write%20app%20endpoint%20%2Fpage&body=Turbopack%20version%3A%20%6023c46498%60%0ANext.js%20version%3A%20%600.0.0%60%0A%0AError%20message%3A%0A%60%60%60%0ATurbopack%20Error%3A%20Failed%20to%20write%20app%20endpoint%20%2Fpage%0A%60%60%60&labels=Turbopack,Turbopack%20Panic%20Backtrace
-----


-----
[1m[31mFATAL[39m[0m: An unexpected Turbopack error occurred. A panic log has been written to C:\Users\arzap\AppData\Local\Temp\next-panic-e554eeb43ed6b36fee1221e4ed151a00.log.

To help make Turbopack better, report this error by clicking here: https://github.com/vercel/next.js/discussions/new?category=turbopack-error-report&title=Turbopack%20Error%3A%20Failed%20to%20write%20app%20endpoint%20%2Fpage&body=Turbopack%20version%3A%20%6023c46498%60%0ANext.js%20version%3A%20%600.0.0%60%0A%0AError%20message%3A%0A%60%60%60%0ATurbopack%20Error%3A%20Failed%20to%20write%20app%20endpoint%20%2Fpage%0A%60%60%60&labels=Turbopack,Turbopack%20Panic%20Backtrace
-----


-----
[1m[31mFATAL[39m[0m: An unexpected Turbopack error occurred. A panic log has been written to C:\Users\arzap\AppData\Local\Temp\next-panic-e554eeb43ed6b36fee1221e4ed151a00.log.

To help make Turbopack better, report this error by clicking here: https://github.com/vercel/next.js/discussions/new?category=turbopack-error-report&title=Turbopack%20Error%3A%20Failed%20to%20write%20app%20endpoint%20%2Fpage&body=Turbopack%20version%3A%20%6023c46498%60%0ANext.js%20version%3A%20%600.0.0%60%0A%0AError%20message%3A%0A%60%60%60%0ATurbopack%20Error%3A%20Failed%20to%20write%20app%20endpoint%20%2Fpage%0A%60%60%60&labels=Turbopack,Turbopack%20Panic%20Backtrace
-----

 GET / 200 in 5.5s (compile: 140ms, render: 5.3s)
 GET / 200 in 2.1s (compile: 33ms, render: 2.0s)

-----
[1m[31mFATAL[39m[0m: An unexpected Turbopack error occurred. A panic log has been written to C:\Users\arzap\AppData\Local\Temp\next-panic-e554eeb43ed6b36fee1221e4ed151a00.log.

To help make Turbopack better, report this error by clicking here: https://github.com/vercel/next.js/discussions/new?category=turbopack-error-report&title=Turbopack%20Error%3A%20Failed%20to%20write%20app%20endpoint%20%2Fpage&body=Turbopack%20version%3A%20%6023c46498%60%0ANext.js%20version%3A%20%600.0.0%60%0A%0AError%20message%3A%0A%60%60%60%0ATurbopack%20Error%3A%20Failed%20to%20write%20app%20endpoint%20%2Fpage%0A%60%60%60&labels=Turbopack,Turbopack%20Panic%20Backtrace
-----

 GET / 200 in 1608ms (compile: 20ms, render: 1588ms)

-----
[1m[31mFATAL[39m[0m: An unexpected Turbopack error occurred. A panic log has been written to C:\Users\arzap\AppData\Local\Temp\next-panic-e554eeb43ed6b36fee1221e4ed151a00.log.

To help make Turbopack better, report this error by clicking here: https://github.com/vercel/next.js/discussions/new?category=turbopack-error-report&title=Turbopack%20Error%3A%20Failed%20to%20write%20app%20endpoint%20%2Fpage&body=Turbopack%20version%3A%20%6023c46498%60%0ANext.js%20version%3A%20%600.0.0%60%0A%0AError%20message%3A%0A%60%60%60%0ATurbopack%20Error%3A%20Failed%20to%20write%20app%20endpoint%20%2Fpage%0A%60%60%60&labels=Turbopack,Turbopack%20Panic%20Backtrace
-----

 GET / 200 in 813ms (compile: 24ms, render: 789ms)

-----
[1m[31mFATAL[39m[0m: An unexpected Turbopack error occurred. A panic log has been written to C:\Users\arzap\AppData\Local\Temp\next-panic-e554eeb43ed6b36fee1221e4ed151a00.log.

To help make Turbopack better, report this error by clicking here: https://github.com/vercel/next.js/discussions/new?category=turbopack-error-report&title=Turbopack%20Error%3A%20Failed%20to%20write%20app%20endpoint%20%2Fpage&body=Turbopack%20version%3A%20%6023c46498%60%0ANext.js%20version%3A%20%600.0.0%60%0A%0AError%20message%3A%0A%60%60%60%0ATurbopack%20Error%3A%20Failed%20to%20write%20app%20endpoint%20%2Fpage%0A%60%60%60&labels=Turbopack,Turbopack%20Panic%20Backtrace
-----

 GET / 200 in 1939ms (compile: 46ms, render: 1893ms)

-----
[1m[31mFATAL[39m[0m: An unexpected Turbopack error occurred. A panic log has been written to C:\Users\arzap\AppData\Local\Temp\next-panic-e554eeb43ed6b36fee1221e4ed151a00.log.

To help make Turbopack better, report this error by clicking here: https://github.com/vercel/next.js/discussions/new?category=turbopack-error-report&title=Turbopack%20Error%3A%20Failed%20to%20write%20app%20endpoint%20%2Fpage&body=Turbopack%20version%3A%20%6023c46498%60%0ANext.js%20version%3A%20%600.0.0%60%0A%0AError%20message%3A%0A%60%60%60%0ATurbopack%20Error%3A%20Failed%20to%20write%20app%20endpoint%20%2Fpage%0A%60%60%60&labels=Turbopack,Turbopack%20Panic%20Backtrace
-----

 GET / 200 in 1085ms (compile: 13ms, render: 1072ms)

-----
[1m[31mFATAL[39m[0m: An unexpected Turbopack error occurred. A panic log has been written to C:\Users\arzap\AppData\Local\Temp\next-panic-e554eeb43ed6b36fee1221e4ed151a00.log.

To help make Turbopack better, report this error by clicking here: https://github.com/vercel/next.js/discussions/new?category=turbopack-error-report&title=Turbopack%20Error%3A%20Failed%20to%20write%20app%20endpoint%20%2Fpage&body=Turbopack%20version%3A%20%6023c46498%60%0ANext.js%20version%3A%20%600.0.0%60%0A%0AError%20message%3A%0A%60%60%60%0ATurbopack%20Error%3A%20Failed%20to%20write%20app%20endpoint%20%2Fpage%0A%60%60%60&labels=Turbopack,Turbopack%20Panic%20Backtrace
-----

 GET / 200 in 1136ms (compile: 22ms, render: 1114ms)

-----
[1m[31mFATAL[39m[0m: An unexpected Turbopack error occurred. A panic log has been written to C:\Users\arzap\AppData\Local\Temp\next-panic-e554eeb43ed6b36fee1221e4ed151a00.log.

To help make Turbopack better, report this error by clicking here: https://github.com/vercel/next.js/discussions/new?category=turbopack-error-report&title=Turbopack%20Error%3A%20Failed%20to%20write%20app%20endpoint%20%2Fpage&body=Turbopack%20version%3A%20%6023c46498%60%0ANext.js%20version%3A%20%600.0.0%60%0A%0AError%20message%3A%0A%60%60%60%0ATurbopack%20Error%3A%20Failed%20to%20write%20app%20endpoint%20%2Fpage%0A%60%60%60&labels=Turbopack,Turbopack%20Panic%20Backtrace
-----

 GET / 200 in 2.2s (compile: 53ms, render: 2.1s)

-----
[1m[31mFATAL[39m[0m: An unexpected Turbopack error occurred. A panic log has been written to C:\Users\arzap\AppData\Local\Temp\next-panic-e554eeb43ed6b36fee1221e4ed151a00.log.

To help make Turbopack better, report this error by clicking here: https://github.com/vercel/next.js/discussions/new?category=turbopack-error-report&title=Turbopack%20Error%3A%20Failed%20to%20write%20app%20endpoint%20%2Fpage&body=Turbopack%20version%3A%20%6023c46498%60%0ANext.js%20version%3A%20%600.0.0%60%0A%0AError%20message%3A%0A%60%60%60%0ATurbopack%20Error%3A%20Failed%20to%20write%20app%20endpoint%20%2Fpage%0A%60%60%60&labels=Turbopack,Turbopack%20Panic%20Backtrace
-----

 GET / 200 in 2.8s (compile: 12ms, render: 2.8s)

-----
[1m[31mFATAL[39m[0m: An unexpected Turbopack error occurred. A panic log has been written to C:\Users\arzap\AppData\Local\Temp\next-panic-e554eeb43ed6b36fee1221e4ed151a00.log.

To help make Turbopack better, report this error by clicking here: https://github.com/vercel/next.js/discussions/new?category=turbopack-error-report&title=Turbopack%20Error%3A%20Failed%20to%20write%20app%20endpoint%20%2Fpage&body=Turbopack%20version%3A%20%6023c46498%60%0ANext.js%20version%3A%20%600.0.0%60%0A%0AError%20message%3A%0A%60%60%60%0ATurbopack%20Error%3A%20Failed%20to%20write%20app%20endpoint%20%2Fpage%0A%60%60%60&labels=Turbopack,Turbopack%20Panic%20Backtrace
-----

 GET / 200 in 3.1s (compile: 56ms, render: 3.0s)

-----
[1m[31mFATAL[39m[0m: An unexpected Turbopack error occurred. A panic log has been written to C:\Users\arzap\AppData\Local\Temp\next-panic-e554eeb43ed6b36fee1221e4ed151a00.log.

To help make Turbopack better, report this error by clicking here: https://github.com/vercel/next.js/discussions/new?category=turbopack-error-report&title=Turbopack%20Error%3A%20Failed%20to%20write%20app%20endpoint%20%2Fpage&body=Turbopack%20version%3A%20%6023c46498%60%0ANext.js%20version%3A%20%600.0.0%60%0A%0AError%20message%3A%0A%60%60%60%0ATurbopack%20Error%3A%20Failed%20to%20write%20app%20endpoint%20%2Fpage%0A%60%60%60&labels=Turbopack,Turbopack%20Panic%20Backtrace
-----


-----
[1m[31mFATAL[39m[0m: An unexpected Turbopack error occurred. A panic log has been written to C:\Users\arzap\AppData\Local\Temp\next-panic-e554eeb43ed6b36fee1221e4ed151a00.log.

To help make Turbopack better, report this error by clicking here: https://github.com/vercel/next.js/discussions/new?category=turbopack-error-report&title=Turbopack%20Error%3A%20Failed%20to%20write%20app%20endpoint%20%2Fpage&body=Turbopack%20version%3A%20%6023c46498%60%0ANext.js%20version%3A%20%600.0.0%60%0A%0AError%20message%3A%0A%60%60%60%0ATurbopack%20Error%3A%20Failed%20to%20write%20app%20endpoint%20%2Fpage%0A%60%60%60&labels=Turbopack,Turbopack%20Panic%20Backtrace
-----


-----
[1m[31mFATAL[39m[0m: An unexpected Turbopack error occurred. A panic log has been written to C:\Users\arzap\AppData\Local\Temp\next-panic-e554eeb43ed6b36fee1221e4ed151a00.log.

To help make Turbopack better, report this error by clicking here: https://github.com/vercel/next.js/discussions/new?category=turbopack-error-report&title=Turbopack%20Error%3A%20Failed%20to%20write%20app%20endpoint%20%2Fpage&body=Turbopack%20version%3A%20%6023c46498%60%0ANext.js%20version%3A%20%600.0.0%60%0A%0AError%20message%3A%0A%60%60%60%0ATurbopack%20Error%3A%20Failed%20to%20write%20app%20endpoint%20%2Fpage%0A%60%60%60&labels=Turbopack,Turbopack%20Panic%20Backtrace
-----

 GET / 200 in 4.1s (compile: 120ms, render: 4.0s)
 GET / 200 in 1274ms (compile: 32ms, render: 1243ms)

-----
[1m[31mFATAL[39m[0m: An unexpected Turbopack error occurred. A panic log has been written to C:\Users\arzap\AppData\Local\Temp\next-panic-e554eeb43ed6b36fee1221e4ed151a00.log.

To help make Turbopack better, report this error by clicking here: https://github.com/vercel/next.js/discussions/new?category=turbopack-error-report&title=Turbopack%20Error%3A%20Failed%20to%20write%20app%20endpoint%20%2Fpage&body=Turbopack%20version%3A%20%6023c46498%60%0ANext.js%20version%3A%20%600.0.0%60%0A%0AError%20message%3A%0A%60%60%60%0ATurbopack%20Error%3A%20Failed%20to%20write%20app%20endpoint%20%2Fpage%0A%60%60%60&labels=Turbopack,Turbopack%20Panic%20Backtrace
-----

 GET / 200 in 1811ms (compile: 175ms, render: 1637ms)

-----
[1m[31mFATAL[39m[0m: An unexpected Turbopack error occurred. A panic log has been written to C:\Users\arzap\AppData\Local\Temp\next-panic-e554eeb43ed6b36fee1221e4ed151a00.log.

To help make Turbopack better, report this error by clicking here: https://github.com/vercel/next.js/discussions/new?category=turbopack-error-report&title=Turbopack%20Error%3A%20Failed%20to%20write%20app%20endpoint%20%2Fpage&body=Turbopack%20version%3A%20%6023c46498%60%0ANext.js%20version%3A%20%600.0.0%60%0A%0AError%20message%3A%0A%60%60%60%0ATurbopack%20Error%3A%20Failed%20to%20write%20app%20endpoint%20%2Fpage%0A%60%60%60&labels=Turbopack,Turbopack%20Panic%20Backtrace
-----

 GET / 200 in 1002ms (compile: 34ms, render: 968ms)

-----
[1m[31mFATAL[39m[0m: An unexpected Turbopack error occurred. A panic log has been written to C:\Users\arzap\AppData\Local\Temp\next-panic-e554eeb43ed6b36fee1221e4ed151a00.log.

To help make Turbopack better, report this error by clicking here: https://github.com/vercel/next.js/discussions/new?category=turbopack-error-report&title=Turbopack%20Error%3A%20Failed%20to%20write%20app%20endpoint%20%2Fpage&body=Turbopack%20version%3A%20%6023c46498%60%0ANext.js%20version%3A%20%600.0.0%60%0A%0AError%20message%3A%0A%60%60%60%0ATurbopack%20Error%3A%20Failed%20to%20write%20app%20endpoint%20%2Fpage%0A%60%60%60&labels=Turbopack,Turbopack%20Panic%20Backtrace
-----

 GET / 200 in 1481ms (compile: 46ms, render: 1434ms)

-----
[1m[31mFATAL[39m[0m: An unexpected Turbopack error occurred. A panic log has been written to C:\Users\arzap\AppData\Local\Temp\next-panic-e554eeb43ed6b36fee1221e4ed151a00.log.

To help make Turbopack better, report this error by clicking here: https://github.com/vercel/next.js/discussions/new?category=turbopack-error-report&title=Turbopack%20Error%3A%20Failed%20to%20write%20app%20endpoint%20%2Fpage&body=Turbopack%20version%3A%20%6023c46498%60%0ANext.js%20version%3A%20%600.0.0%60%0A%0AError%20message%3A%0A%60%60%60%0ATurbopack%20Error%3A%20Failed%20to%20write%20app%20endpoint%20%2Fpage%0A%60%60%60&labels=Turbopack,Turbopack%20Panic%20Backtrace
-----

 GET / 200 in 1914ms (compile: 22ms, render: 1892ms)

-----
[1m[31mFATAL[39m[0m: An unexpected Turbopack error occurred. A panic log has been written to C:\Users\arzap\AppData\Local\Temp\next-panic-e554eeb43ed6b36fee1221e4ed151a00.log.

To help make Turbopack better, report this error by clicking here: https://github.com/vercel/next.js/discussions/new?category=turbopack-error-report&title=Turbopack%20Error%3A%20Failed%20to%20write%20app%20endpoint%20%2Fpage&body=Turbopack%20version%3A%20%6023c46498%60%0ANext.js%20version%3A%20%600.0.0%60%0A%0AError%20message%3A%0A%60%60%60%0ATurbopack%20Error%3A%20Failed%20to%20write%20app%20endpoint%20%2Fpage%0A%60%60%60&labels=Turbopack,Turbopack%20Panic%20Backtrace
-----

 GET / 200 in 782ms (compile: 28ms, render: 754ms)

-----
[1m[31mFATAL[39m[0m: An unexpected Turbopack error occurred. A panic log has been written to C:\Users\arzap\AppData\Local\Temp\next-panic-e554eeb43ed6b36fee1221e4ed151a00.log.

To help make Turbopack better, report this error by clicking here: https://github.com/vercel/next.js/discussions/new?category=turbopack-error-report&title=Turbopack%20Error%3A%20Failed%20to%20write%20app%20endpoint%20%2Fpage&body=Turbopack%20version%3A%20%6023c46498%60%0ANext.js%20version%3A%20%600.0.0%60%0A%0AError%20message%3A%0A%60%60%60%0ATurbopack%20Error%3A%20Failed%20to%20write%20app%20endpoint%20%2Fpage%0A%60%60%60&labels=Turbopack,Turbopack%20Panic%20Backtrace
-----

 GET / 200 in 2.4s (compile: 59ms, render: 2.3s)

-----
[1m[31mFATAL[39m[0m: An unexpected Turbopack error occurred. A panic log has been written to C:\Users\arzap\AppData\Local\Temp\next-panic-e554eeb43ed6b36fee1221e4ed151a00.log.

To help make Turbopack better, report this error by clicking here: https://github.com/vercel/next.js/discussions/new?category=turbopack-error-report&title=Turbopack%20Error%3A%20Failed%20to%20write%20app%20endpoint%20%2Fpage&body=Turbopack%20version%3A%20%6023c46498%60%0ANext.js%20version%3A%20%600.0.0%60%0A%0AError%20message%3A%0A%60%60%60%0ATurbopack%20Error%3A%20Failed%20to%20write%20app%20endpoint%20%2Fpage%0A%60%60%60&labels=Turbopack,Turbopack%20Panic%20Backtrace
-----

 GET / 200 in 1772ms (compile: 163ms, render: 1609ms)

-----
[1m[31mFATAL[39m[0m: An unexpected Turbopack error occurred. A panic log has been written to C:\Users\arzap\AppData\Local\Temp\next-panic-e554eeb43ed6b36fee1221e4ed151a00.log.

To help make Turbopack better, report this error by clicking here: https://github.com/vercel/next.js/discussions/new?category=turbopack-error-report&title=Turbopack%20Error%3A%20Failed%20to%20write%20app%20endpoint%20%2Fpage&body=Turbopack%20version%3A%20%6023c46498%60%0ANext.js%20version%3A%20%600.0.0%60%0A%0AError%20message%3A%0A%60%60%60%0ATurbopack%20Error%3A%20Failed%20to%20write%20app%20endpoint%20%2Fpage%0A%60%60%60&labels=Turbopack,Turbopack%20Panic%20Backtrace
-----


-----
[1m[31mFATAL[39m[0m: An unexpected Turbopack error occurred. A panic log has been written to C:\Users\arzap\AppData\Local\Temp\next-panic-e554eeb43ed6b36fee1221e4ed151a00.log.

To help make Turbopack better, report this error by clicking here: https://github.com/vercel/next.js/discussions/new?category=turbopack-error-report&title=Turbopack%20Error%3A%20Failed%20to%20write%20app%20endpoint%20%2Fpage&body=Turbopack%20version%3A%20%6023c46498%60%0ANext.js%20version%3A%20%600.0.0%60%0A%0AError%20message%3A%0A%60%60%60%0ATurbopack%20Error%3A%20Failed%20to%20write%20app%20endpoint%20%2Fpage%0A%60%60%60&labels=Turbopack,Turbopack%20Panic%20Backtrace
-----

 GET / 200 in 1791ms (compile: 99ms, render: 1692ms)

-----
[1m[31mFATAL[39m[0m: An unexpected Turbopack error occurred. A panic log has been written to C:\Users\arzap\AppData\Local\Temp\next-panic-e554eeb43ed6b36fee1221e4ed151a00.log.

To help make Turbopack better, report this error by clicking here: https://github.com/vercel/next.js/discussions/new?category=turbopack-error-report&title=Turbopack%20Error%3A%20Failed%20to%20write%20app%20endpoint%20%2Fpage&body=Turbopack%20version%3A%20%6023c46498%60%0ANext.js%20version%3A%20%600.0.0%60%0A%0AError%20message%3A%0A%60%60%60%0ATurbopack%20Error%3A%20Failed%20to%20write%20app%20endpoint%20%2Fpage%0A%60%60%60&labels=Turbopack,Turbopack%20Panic%20Backtrace
-----

 GET / 200 in 803ms (compile: 17ms, render: 786ms)

-----
[1m[31mFATAL[39m[0m: An unexpected Turbopack error occurred. A panic log has been written to C:\Users\arzap\AppData\Local\Temp\next-panic-e554eeb43ed6b36fee1221e4ed151a00.log.

To help make Turbopack better, report this error by clicking here: https://github.com/vercel/next.js/discussions/new?category=turbopack-error-report&title=Turbopack%20Error%3A%20Failed%20to%20write%20app%20endpoint%20%2Fpage&body=Turbopack%20version%3A%20%6023c46498%60%0ANext.js%20version%3A%20%600.0.0%60%0A%0AError%20message%3A%0A%60%60%60%0ATurbopack%20Error%3A%20Failed%20to%20write%20app%20endpoint%20%2Fpage%0A%60%60%60&labels=Turbopack,Turbopack%20Panic%20Backtrace
-----

 GET / 200 in 2.3s (compile: 15ms, render: 2.3s)

-----
[1m[31mFATAL[39m[0m: An unexpected Turbopack error occurred. A panic log has been written to C:\Users\arzap\AppData\Local\Temp\next-panic-e554eeb43ed6b36fee1221e4ed151a00.log.

To help make Turbopack better, report this error by clicking here: https://github.com/vercel/next.js/discussions/new?category=turbopack-error-report&title=Turbopack%20Error%3A%20Failed%20to%20write%20app%20endpoint%20%2Fpage&body=Turbopack%20version%3A%20%6023c46498%60%0ANext.js%20version%3A%20%600.0.0%60%0A%0AError%20message%3A%0A%60%60%60%0ATurbopack%20Error%3A%20Failed%20to%20write%20app%20endpoint%20%2Fpage%0A%60%60%60&labels=Turbopack,Turbopack%20Panic%20Backtrace
-----

 GET / 200 in 801ms (compile: 9ms, render: 792ms)

-----
[1m[31mFATAL[39m[0m: An unexpected Turbopack error occurred. A panic log has been written to C:\Users\arzap\AppData\Local\Temp\next-panic-e554eeb43ed6b36fee1221e4ed151a00.log.

To help make Turbopack better, report this error by clicking here: https://github.com/vercel/next.js/discussions/new?category=turbopack-error-report&title=Turbopack%20Error%3A%20Failed%20to%20write%20app%20endpoint%20%2Fpage&body=Turbopack%20version%3A%20%6023c46498%60%0ANext.js%20version%3A%20%600.0.0%60%0A%0AError%20message%3A%0A%60%60%60%0ATurbopack%20Error%3A%20Failed%20to%20write%20app%20endpoint%20%2Fpage%0A%60%60%60&labels=Turbopack,Turbopack%20Panic%20Backtrace
-----


-----
[1m[31mFATAL[39m[0m: An unexpected Turbopack error occurred. A panic log has been written to C:\Users\arzap\AppData\Local\Temp\next-panic-e554eeb43ed6b36fee1221e4ed151a00.log.

To help make Turbopack better, report this error by clicking here: https://github.com/vercel/next.js/discussions/new?category=turbopack-error-report&title=Turbopack%20Error%3A%20Failed%20to%20write%20app%20endpoint%20%2Fpage&body=Turbopack%20version%3A%20%6023c46498%60%0ANext.js%20version%3A%20%600.0.0%60%0A%0AError%20message%3A%0A%60%60%60%0ATurbopack%20Error%3A%20Failed%20to%20write%20app%20endpoint%20%2Fpage%0A%60%60%60&labels=Turbopack,Turbopack%20Panic%20Backtrace
-----

 GET / 200 in 2.8s (compile: 22ms, render: 2.8s)

-----
[1m[31mFATAL[39m[0m: An unexpected Turbopack error occurred. A panic log has been written to C:\Users\arzap\AppData\Local\Temp\next-panic-e554eeb43ed6b36fee1221e4ed151a00.log.

To help make Turbopack better, report this error by clicking here: https://github.com/vercel/next.js/discussions/new?category=turbopack-error-report&title=Turbopack%20Error%3A%20Failed%20to%20write%20app%20endpoint%20%2Fpage&body=Turbopack%20version%3A%20%6023c46498%60%0ANext.js%20version%3A%20%600.0.0%60%0A%0AError%20message%3A%0A%60%60%60%0ATurbopack%20Error%3A%20Failed%20to%20write%20app%20endpoint%20%2Fpage%0A%60%60%60&labels=Turbopack,Turbopack%20Panic%20Backtrace
-----


-----
[1m[31mFATAL[39m[0m: An unexpected Turbopack error occurred. A panic log has been written to C:\Users\arzap\AppData\Local\Temp\next-panic-e554eeb43ed6b36fee1221e4ed151a00.log.

To help make Turbopack better, report this error by clicking here: https://github.com/vercel/next.js/discussions/new?category=turbopack-error-report&title=Turbopack%20Error%3A%20Failed%20to%20write%20app%20endpoint%20%2Fpage&body=Turbopack%20version%3A%20%6023c46498%60%0ANext.js%20version%3A%20%600.0.0%60%0A%0AError%20message%3A%0A%60%60%60%0ATurbopack%20Error%3A%20Failed%20to%20write%20app%20endpoint%20%2Fpage%0A%60%60%60&labels=Turbopack,Turbopack%20Panic%20Backtrace
-----

 GET / 200 in 5.6s (compile: 1996ms, render: 3.6s)

-----
[1m[31mFATAL[39m[0m: An unexpected Turbopack error occurred. A panic log has been written to C:\Users\arzap\AppData\Local\Temp\next-panic-e554eeb43ed6b36fee1221e4ed151a00.log.

To help make Turbopack better, report this error by clicking here: https://github.com/vercel/next.js/discussions/new?category=turbopack-error-report&title=Turbopack%20Error%3A%20Failed%20to%20write%20app%20endpoint%20%2Fpage&body=Turbopack%20version%3A%20%6023c46498%60%0ANext.js%20version%3A%20%600.0.0%60%0A%0AError%20message%3A%0A%60%60%60%0ATurbopack%20Error%3A%20Failed%20to%20write%20app%20endpoint%20%2Fpage%0A%60%60%60&labels=Turbopack,Turbopack%20Panic%20Backtrace
-----

 GET / 200 in 994ms (compile: 38ms, render: 956ms)

-----
[1m[31mFATAL[39m[0m: An unexpected Turbopack error occurred. A panic log has been written to C:\Users\arzap\AppData\Local\Temp\next-panic-e554eeb43ed6b36fee1221e4ed151a00.log.

To help make Turbopack better, report this error by clicking here: https://github.com/vercel/next.js/discussions/new?category=turbopack-error-report&title=Turbopack%20Error%3A%20Failed%20to%20write%20app%20endpoint%20%2Fpage&body=Turbopack%20version%3A%20%6023c46498%60%0ANext.js%20version%3A%20%600.0.0%60%0A%0AError%20message%3A%0A%60%60%60%0ATurbopack%20Error%3A%20Failed%20to%20write%20app%20endpoint%20%2Fpage%0A%60%60%60&labels=Turbopack,Turbopack%20Panic%20Backtrace
-----

 GET / 200 in 2.8s (compile: 21ms, render: 2.8s)

-----
[1m[31mFATAL[39m[0m: An unexpected Turbopack error occurred. A panic log has been written to C:\Users\arzap\AppData\Local\Temp\next-panic-e554eeb43ed6b36fee1221e4ed151a00.log.

To help make Turbopack better, report this error by clicking here: https://github.com/vercel/next.js/discussions/new?category=turbopack-error-report&title=Turbopack%20Error%3A%20Failed%20to%20write%20app%20endpoint%20%2Fpage&body=Turbopack%20version%3A%20%6023c46498%60%0ANext.js%20version%3A%20%600.0.0%60%0A%0AError%20message%3A%0A%60%60%60%0ATurbopack%20Error%3A%20Failed%20to%20write%20app%20endpoint%20%2Fpage%0A%60%60%60&labels=Turbopack,Turbopack%20Panic%20Backtrace
-----

 GET / 200 in 2.1s (compile: 21ms, render: 2.1s)

-----
[1m[31mFATAL[39m[0m: An unexpected Turbopack error occurred. A panic log has been written to C:\Users\arzap\AppData\Local\Temp\next-panic-e554eeb43ed6b36fee1221e4ed151a00.log.

To help make Turbopack better, report this error by clicking here: https://github.com/vercel/next.js/discussions/new?category=turbopack-error-report&title=Turbopack%20Error%3A%20Failed%20to%20write%20app%20endpoint%20%2Fpage&body=Turbopack%20version%3A%20%6023c46498%60%0ANext.js%20version%3A%20%600.0.0%60%0A%0AError%20message%3A%0A%60%60%60%0ATurbopack%20Error%3A%20Failed%20to%20write%20app%20endpoint%20%2Fpage%0A%60%60%60&labels=Turbopack,Turbopack%20Panic%20Backtrace
-----

 GET / 200 in 3.7s (compile: 14ms, render: 3.6s)

-----
[1m[31mFATAL[39m[0m: An unexpected Turbopack error occurred. A panic log has been written to C:\Users\arzap\AppData\Local\Temp\next-panic-e554eeb43ed6b36fee1221e4ed151a00.log.

To help make Turbopack better, report this error by clicking here: https://github.com/vercel/next.js/discussions/new?category=turbopack-error-report&title=Turbopack%20Error%3A%20Failed%20to%20write%20app%20endpoint%20%2Fpage&body=Turbopack%20version%3A%20%6023c46498%60%0ANext.js%20version%3A%20%600.0.0%60%0A%0AError%20message%3A%0A%60%60%60%0ATurbopack%20Error%3A%20Failed%20to%20write%20app%20endpoint%20%2Fpage%0A%60%60%60&labels=Turbopack,Turbopack%20Panic%20Backtrace
-----

 GET / 200 in 2.2s (compile: 16ms, render: 2.2s)

-----
[1m[31mFATAL[39m[0m: An unexpected Turbopack error occurred. A panic log has been written to C:\Users\arzap\AppData\Local\Temp\next-panic-e554eeb43ed6b36fee1221e4ed151a00.log.

To help make Turbopack better, report this error by clicking here: https://github.com/vercel/next.js/discussions/new?category=turbopack-error-report&title=Turbopack%20Error%3A%20Failed%20to%20write%20app%20endpoint%20%2Fpage&body=Turbopack%20version%3A%20%6023c46498%60%0ANext.js%20version%3A%20%600.0.0%60%0A%0AError%20message%3A%0A%60%60%60%0ATurbopack%20Error%3A%20Failed%20to%20write%20app%20endpoint%20%2Fpage%0A%60%60%60&labels=Turbopack,Turbopack%20Panic%20Backtrace
-----

 GET / 200 in 3.8s (compile: 13ms, render: 3.8s)

-----
[1m[31mFATAL[39m[0m: An unexpected Turbopack error occurred. A panic log has been written to C:\Users\arzap\AppData\Local\Temp\next-panic-e554eeb43ed6b36fee1221e4ed151a00.log.

To help make Turbopack better, report this error by clicking here: https://github.com/vercel/next.js/discussions/new?category=turbopack-error-report&title=Turbopack%20Error%3A%20Failed%20to%20write%20app%20endpoint%20%2Fpage&body=Turbopack%20version%3A%20%6023c46498%60%0ANext.js%20version%3A%20%600.0.0%60%0A%0AError%20message%3A%0A%60%60%60%0ATurbopack%20Error%3A%20Failed%20to%20write%20app%20endpoint%20%2Fpage%0A%60%60%60&labels=Turbopack,Turbopack%20Panic%20Backtrace
-----

 GET / 200 in 789ms (compile: 16ms, render: 773ms)

-----
[1m[31mFATAL[39m[0m: An unexpected Turbopack error occurred. A panic log has been written to C:\Users\arzap\AppData\Local\Temp\next-panic-e554eeb43ed6b36fee1221e4ed151a00.log.

To help make Turbopack better, report this error by clicking here: https://github.com/vercel/next.js/discussions/new?category=turbopack-error-report&title=Turbopack%20Error%3A%20Failed%20to%20write%20app%20endpoint%20%2Fpage&body=Turbopack%20version%3A%20%6023c46498%60%0ANext.js%20version%3A%20%600.0.0%60%0A%0AError%20message%3A%0A%60%60%60%0ATurbopack%20Error%3A%20Failed%20to%20write%20app%20endpoint%20%2Fpage%0A%60%60%60&labels=Turbopack,Turbopack%20Panic%20Backtrace
-----

 GET / 200 in 1277ms (compile: 139ms, render: 1138ms)

-----
[1m[31mFATAL[39m[0m: An unexpected Turbopack error occurred. A panic log has been written to C:\Users\arzap\AppData\Local\Temp\next-panic-e554eeb43ed6b36fee1221e4ed151a00.log.

To help make Turbopack better, report this error by clicking here: https://github.com/vercel/next.js/discussions/new?category=turbopack-error-report&title=Turbopack%20Error%3A%20Failed%20to%20write%20app%20endpoint%20%2Fpage&body=Turbopack%20version%3A%20%6023c46498%60%0ANext.js%20version%3A%20%600.0.0%60%0A%0AError%20message%3A%0A%60%60%60%0ATurbopack%20Error%3A%20Failed%20to%20write%20app%20endpoint%20%2Fpage%0A%60%60%60&labels=Turbopack,Turbopack%20Panic%20Backtrace
-----


-----
[1m[31mFATAL[39m[0m: An unexpected Turbopack error occurred. A panic log has been written to C:\Users\arzap\AppData\Local\Temp\next-panic-e554eeb43ed6b36fee1221e4ed151a00.log.

To help make Turbopack better, report this error by clicking here: https://github.com/vercel/next.js/discussions/new?category=turbopack-error-report&title=Turbopack%20Error%3A%20Failed%20to%20write%20app%20endpoint%20%2Fpage&body=Turbopack%20version%3A%20%6023c46498%60%0ANext.js%20version%3A%20%600.0.0%60%0A%0AError%20message%3A%0A%60%60%60%0ATurbopack%20Error%3A%20Failed%20to%20write%20app%20endpoint%20%2Fpage%0A%60%60%60&labels=Turbopack,Turbopack%20Panic%20Backtrace
-----

 GET / 200 in 2.1s (compile: 53ms, render: 2.1s)
 GET / 200 in 2.0s (compile: 30ms, render: 1997ms)

-----
[1m[31mFATAL[39m[0m: An unexpected Turbopack error occurred. A panic log has been written to C:\Users\arzap\AppData\Local\Temp\next-panic-e554eeb43ed6b36fee1221e4ed151a00.log.

To help make Turbopack better, report this error by clicking here: https://github.com/vercel/next.js/discussions/new?category=turbopack-error-report&title=Turbopack%20Error%3A%20Failed%20to%20write%20app%20endpoint%20%2Fpage&body=Turbopack%20version%3A%20%6023c46498%60%0ANext.js%20version%3A%20%600.0.0%60%0A%0AError%20message%3A%0A%60%60%60%0ATurbopack%20Error%3A%20Failed%20to%20write%20app%20endpoint%20%2Fpage%0A%60%60%60&labels=Turbopack,Turbopack%20Panic%20Backtrace
-----

 GET / 200 in 1377ms (compile: 26ms, render: 1351ms)

-----
[1m[31mFATAL[39m[0m: An unexpected Turbopack error occurred. A panic log has been written to C:\Users\arzap\AppData\Local\Temp\next-panic-e554eeb43ed6b36fee1221e4ed151a00.log.

To help make Turbopack better, report this error by clicking here: https://github.com/vercel/next.js/discussions/new?category=turbopack-error-report&title=Turbopack%20Error%3A%20Failed%20to%20write%20app%20endpoint%20%2Fpage&body=Turbopack%20version%3A%20%6023c46498%60%0ANext.js%20version%3A%20%600.0.0%60%0A%0AError%20message%3A%0A%60%60%60%0ATurbopack%20Error%3A%20Failed%20to%20write%20app%20endpoint%20%2Fpage%0A%60%60%60&labels=Turbopack,Turbopack%20Panic%20Backtrace
-----


-----
[1m[31mFATAL[39m[0m: An unexpected Turbopack error occurred. A panic log has been written to C:\Users\arzap\AppData\Local\Temp\next-panic-e554eeb43ed6b36fee1221e4ed151a00.log.

To help make Turbopack better, report this error by clicking here: https://github.com/vercel/next.js/discussions/new?category=turbopack-error-report&title=Turbopack%20Error%3A%20Failed%20to%20write%20app%20endpoint%20%2Fpage&body=Turbopack%20version%3A%20%6023c46498%60%0ANext.js%20version%3A%20%600.0.0%60%0A%0AError%20message%3A%0A%60%60%60%0ATurbopack%20Error%3A%20Failed%20to%20write%20app%20endpoint%20%2Fpage%0A%60%60%60&labels=Turbopack,Turbopack%20Panic%20Backtrace
-----

 GET / 200 in 6.4s (compile: 62ms, render: 6.3s)

-----
[1m[31mFATAL[39m[0m: An unexpected Turbopack error occurred. A panic log has been written to C:\Users\arzap\AppData\Local\Temp\next-panic-e554eeb43ed6b36fee1221e4ed151a00.log.

To help make Turbopack better, report this error by clicking here: https://github.com/vercel/next.js/discussions/new?category=turbopack-error-report&title=Turbopack%20Error%3A%20Failed%20to%20write%20app%20endpoint%20%2Fpage&body=Turbopack%20version%3A%20%6023c46498%60%0ANext.js%20version%3A%20%600.0.0%60%0A%0AError%20message%3A%0A%60%60%60%0ATurbopack%20Error%3A%20Failed%20to%20write%20app%20endpoint%20%2Fpage%0A%60%60%60&labels=Turbopack,Turbopack%20Panic%20Backtrace
-----


-----
[1m[31mFATAL[39m[0m: An unexpected Turbopack error occurred. A panic log has been written to C:\Users\arzap\AppData\Local\Temp\next-panic-e554eeb43ed6b36fee1221e4ed151a00.log.

To help make Turbopack better, report this error by clicking here: https://github.com/vercel/next.js/discussions/new?category=turbopack-error-report&title=Turbopack%20Error%3A%20Failed%20to%20write%20app%20endpoint%20%2Fpage&body=Turbopack%20version%3A%20%6023c46498%60%0ANext.js%20version%3A%20%600.0.0%60%0A%0AError%20message%3A%0A%60%60%60%0ATurbopack%20Error%3A%20Failed%20to%20write%20app%20endpoint%20%2Fpage%0A%60%60%60&labels=Turbopack,Turbopack%20Panic%20Backtrace
-----

 GET / 200 in 6.1s (compile: 33ms, render: 6.1s)

-----
[1m[31mFATAL[39m[0m: An unexpected Turbopack error occurred. A panic log has been written to C:\Users\arzap\AppData\Local\Temp\next-panic-e554eeb43ed6b36fee1221e4ed151a00.log.

To help make Turbopack better, report this error by clicking here: https://github.com/vercel/next.js/discussions/new?category=turbopack-error-report&title=Turbopack%20Error%3A%20Failed%20to%20write%20app%20endpoint%20%2Fpage&body=Turbopack%20version%3A%20%6023c46498%60%0ANext.js%20version%3A%20%600.0.0%60%0A%0AError%20message%3A%0A%60%60%60%0ATurbopack%20Error%3A%20Failed%20to%20write%20app%20endpoint%20%2Fpage%0A%60%60%60&labels=Turbopack,Turbopack%20Panic%20Backtrace
-----


-----
[1m[31mFATAL[39m[0m: An unexpected Turbopack error occurred. A panic log has been written to C:\Users\arzap\AppData\Local\Temp\next-panic-e554eeb43ed6b36fee1221e4ed151a00.log.

To help make Turbopack better, report this error by clicking here: https://github.com/vercel/next.js/discussions/new?category=turbopack-error-report&title=Turbopack%20Error%3A%20Failed%20to%20write%20app%20endpoint%20%2Fpage&body=Turbopack%20version%3A%20%6023c46498%60%0ANext.js%20version%3A%20%600.0.0%60%0A%0AError%20message%3A%0A%60%60%60%0ATurbopack%20Error%3A%20Failed%20to%20write%20app%20endpoint%20%2Fpage%0A%60%60%60&labels=Turbopack,Turbopack%20Panic%20Backtrace
-----

 GET / 200 in 6.2s (compile: 131ms, render: 6.1s)

-----
[1m[31mFATAL[39m[0m: An unexpected Turbopack error occurred. A panic log has been written to C:\Users\arzap\AppData\Local\Temp\next-panic-e554eeb43ed6b36fee1221e4ed151a00.log.

To help make Turbopack better, report this error by clicking here: https://github.com/vercel/next.js/discussions/new?category=turbopack-error-report&title=Turbopack%20Error%3A%20Failed%20to%20write%20app%20endpoint%20%2Fpage&body=Turbopack%20version%3A%20%6023c46498%60%0ANext.js%20version%3A%20%600.0.0%60%0A%0AError%20message%3A%0A%60%60%60%0ATurbopack%20Error%3A%20Failed%20to%20write%20app%20endpoint%20%2Fpage%0A%60%60%60&labels=Turbopack,Turbopack%20Panic%20Backtrace
-----


-----
[1m[31mFATAL[39m[0m: An unexpected Turbopack error occurred. A panic log has been written to C:\Users\arzap\AppData\Local\Temp\next-panic-e554eeb43ed6b36fee1221e4ed151a00.log.

To help make Turbopack better, report this error by clicking here: https://github.com/vercel/next.js/discussions/new?category=turbopack-error-report&title=Turbopack%20Error%3A%20Failed%20to%20write%20app%20endpoint%20%2Fpage&body=Turbopack%20version%3A%20%6023c46498%60%0ANext.js%20version%3A%20%600.0.0%60%0A%0AError%20message%3A%0A%60%60%60%0ATurbopack%20Error%3A%20Failed%20to%20write%20app%20endpoint%20%2Fpage%0A%60%60%60&labels=Turbopack,Turbopack%20Panic%20Backtrace
-----

 GET / 200 in 12.7s (compile: 52ms, render: 12.7s)

-----
[1m[31mFATAL[39m[0m: An unexpected Turbopack error occurred. A panic log has been written to C:\Users\arzap\AppData\Local\Temp\next-panic-e554eeb43ed6b36fee1221e4ed151a00.log.

To help make Turbopack better, report this error by clicking here: https://github.com/vercel/next.js/discussions/new?category=turbopack-error-report&title=Turbopack%20Error%3A%20Failed%20to%20write%20app%20endpoint%20%2Fpage&body=Turbopack%20version%3A%20%6023c46498%60%0ANext.js%20version%3A%20%600.0.0%60%0A%0AError%20message%3A%0A%60%60%60%0ATurbopack%20Error%3A%20Failed%20to%20write%20app%20endpoint%20%2Fpage%0A%60%60%60&labels=Turbopack,Turbopack%20Panic%20Backtrace
-----


-----
[1m[31mFATAL[39m[0m: An unexpected Turbopack error occurred. A panic log has been written to C:\Users\arzap\AppData\Local\Temp\next-panic-e554eeb43ed6b36fee1221e4ed151a00.log.

To help make Turbopack better, report this error by clicking here: https://github.com/vercel/next.js/discussions/new?category=turbopack-error-report&title=Turbopack%20Error%3A%20Failed%20to%20write%20app%20endpoint%20%2Fpage&body=Turbopack%20version%3A%20%6023c46498%60%0ANext.js%20version%3A%20%600.0.0%60%0A%0AError%20message%3A%0A%60%60%60%0ATurbopack%20Error%3A%20Failed%20to%20write%20app%20endpoint%20%2Fpage%0A%60%60%60&labels=Turbopack,Turbopack%20Panic%20Backtrace
-----

 GET / 200 in 27.3s (compile: 400ms, render: 26.9s)
 GET / 200 in 1508ms (compile: 40ms, render: 1469ms)

-----
[1m[31mFATAL[39m[0m: An unexpected Turbopack error occurred. A panic log has been written to C:\Users\arzap\AppData\Local\Temp\next-panic-e554eeb43ed6b36fee1221e4ed151a00.log.

To help make Turbopack better, report this error by clicking here: https://github.com/vercel/next.js/discussions/new?category=turbopack-error-report&title=Turbopack%20Error%3A%20Failed%20to%20write%20app%20endpoint%20%2Fpage&body=Turbopack%20version%3A%20%6023c46498%60%0ANext.js%20version%3A%20%600.0.0%60%0A%0AError%20message%3A%0A%60%60%60%0ATurbopack%20Error%3A%20Failed%20to%20write%20app%20endpoint%20%2Fpage%0A%60%60%60&labels=Turbopack,Turbopack%20Panic%20Backtrace
-----

 GET / 200 in 980ms (compile: 27ms, render: 953ms)

-----
[1m[31mFATAL[39m[0m: An unexpected Turbopack error occurred. A panic log has been written to C:\Users\arzap\AppData\Local\Temp\next-panic-e554eeb43ed6b36fee1221e4ed151a00.log.

To help make Turbopack better, report this error by clicking here: https://github.com/vercel/next.js/discussions/new?category=turbopack-error-report&title=Turbopack%20Error%3A%20Failed%20to%20write%20app%20endpoint%20%2Fpage&body=Turbopack%20version%3A%20%6023c46498%60%0ANext.js%20version%3A%20%600.0.0%60%0A%0AError%20message%3A%0A%60%60%60%0ATurbopack%20Error%3A%20Failed%20to%20write%20app%20endpoint%20%2Fpage%0A%60%60%60&labels=Turbopack,Turbopack%20Panic%20Backtrace
-----


-----
[1m[31mFATAL[39m[0m: An unexpected Turbopack error occurred. A panic log has been written to C:\Users\arzap\AppData\Local\Temp\next-panic-e554eeb43ed6b36fee1221e4ed151a00.log.

To help make Turbopack better, report this error by clicking here: https://github.com/vercel/next.js/discussions/new?category=turbopack-error-report&title=Turbopack%20Error%3A%20Failed%20to%20write%20app%20endpoint%20%2Fpage&body=Turbopack%20version%3A%20%6023c46498%60%0ANext.js%20version%3A%20%600.0.0%60%0A%0AError%20message%3A%0A%60%60%60%0ATurbopack%20Error%3A%20Failed%20to%20write%20app%20endpoint%20%2Fpage%0A%60%60%60&labels=Turbopack,Turbopack%20Panic%20Backtrace
-----

 GET / 200 in 3.1s (compile: 39ms, render: 3.1s)

-----
[1m[31mFATAL[39m[0m: An unexpected Turbopack error occurred. A panic log has been written to C:\Users\arzap\AppData\Local\Temp\next-panic-e554eeb43ed6b36fee1221e4ed151a00.log.

To help make Turbopack better, report this error by clicking here: https://github.com/vercel/next.js/discussions/new?category=turbopack-error-report&title=Turbopack%20Error%3A%20Failed%20to%20write%20app%20endpoint%20%2Fpage&body=Turbopack%20version%3A%20%6023c46498%60%0ANext.js%20version%3A%20%600.0.0%60%0A%0AError%20message%3A%0A%60%60%60%0ATurbopack%20Error%3A%20Failed%20to%20write%20app%20endpoint%20%2Fpage%0A%60%60%60&labels=Turbopack,Turbopack%20Panic%20Backtrace
-----


-----
[1m[31mFATAL[39m[0m: An unexpected Turbopack error occurred. A panic log has been written to C:\Users\arzap\AppData\Local\Temp\next-panic-e554eeb43ed6b36fee1221e4ed151a00.log.

To help make Turbopack better, report this error by clicking here: https://github.com/vercel/next.js/discussions/new?category=turbopack-error-report&title=Turbopack%20Error%3A%20Failed%20to%20write%20app%20endpoint%20%2Fpage&body=Turbopack%20version%3A%20%6023c46498%60%0ANext.js%20version%3A%20%600.0.0%60%0A%0AError%20message%3A%0A%60%60%60%0ATurbopack%20Error%3A%20Failed%20to%20write%20app%20endpoint%20%2Fpage%0A%60%60%60&labels=Turbopack,Turbopack%20Panic%20Backtrace
-----

 GET / 200 in 2.7s (compile: 100ms, render: 2.6s)

-----
[1m[31mFATAL[39m[0m: An unexpected Turbopack error occurred. A panic log has been written to C:\Users\arzap\AppData\Local\Temp\next-panic-e554eeb43ed6b36fee1221e4ed151a00.log.

To help make Turbopack better, report this error by clicking here: https://github.com/vercel/next.js/discussions/new?category=turbopack-error-report&title=Turbopack%20Error%3A%20Failed%20to%20write%20app%20endpoint%20%2Fpage&body=Turbopack%20version%3A%20%6023c46498%60%0ANext.js%20version%3A%20%600.0.0%60%0A%0AError%20message%3A%0A%60%60%60%0ATurbopack%20Error%3A%20Failed%20to%20write%20app%20endpoint%20%2Fpage%0A%60%60%60&labels=Turbopack,Turbopack%20Panic%20Backtrace
-----


-----
[1m[31mFATAL[39m[0m: An unexpected Turbopack error occurred. A panic log has been written to C:\Users\arzap\AppData\Local\Temp\next-panic-e554eeb43ed6b36fee1221e4ed151a00.log.

To help make Turbopack better, report this error by clicking here: https://github.com/vercel/next.js/discussions/new?category=turbopack-error-report&title=Turbopack%20Error%3A%20Failed%20to%20write%20app%20endpoint%20%2Fpage&body=Turbopack%20version%3A%20%6023c46498%60%0ANext.js%20version%3A%20%600.0.0%60%0A%0AError%20message%3A%0A%60%60%60%0ATurbopack%20Error%3A%20Failed%20to%20write%20app%20endpoint%20%2Fpage%0A%60%60%60&labels=Turbopack,Turbopack%20Panic%20Backtrace
-----

 GET / 200 in 3.4s (compile: 810ms, render: 2.6s)

-----
[1m[31mFATAL[39m[0m: An unexpected Turbopack error occurred. A panic log has been written to C:\Users\arzap\AppData\Local\Temp\next-panic-e554eeb43ed6b36fee1221e4ed151a00.log.

To help make Turbopack better, report this error by clicking here: https://github.com/vercel/next.js/discussions/new?category=turbopack-error-report&title=Turbopack%20Error%3A%20Failed%20to%20write%20app%20endpoint%20%2Fpage&body=Turbopack%20version%3A%20%6023c46498%60%0ANext.js%20version%3A%20%600.0.0%60%0A%0AError%20message%3A%0A%60%60%60%0ATurbopack%20Error%3A%20Failed%20to%20write%20app%20endpoint%20%2Fpage%0A%60%60%60&labels=Turbopack,Turbopack%20Panic%20Backtrace
-----


-----
[1m[31mFATAL[39m[0m: An unexpected Turbopack error occurred. A panic log has been written to C:\Users\arzap\AppData\Local\Temp\next-panic-e554eeb43ed6b36fee1221e4ed151a00.log.

To help make Turbopack better, report this error by clicking here: https://github.com/vercel/next.js/discussions/new?category=turbopack-error-report&title=Turbopack%20Error%3A%20Failed%20to%20write%20app%20endpoint%20%2Fpage&body=Turbopack%20version%3A%20%6023c46498%60%0ANext.js%20version%3A%20%600.0.0%60%0A%0AError%20message%3A%0A%60%60%60%0ATurbopack%20Error%3A%20Failed%20to%20write%20app%20endpoint%20%2Fpage%0A%60%60%60&labels=Turbopack,Turbopack%20Panic%20Backtrace
-----

 GET / 200 in 7.0s (compile: 122ms, render: 6.9s)
✓ Compiled in 2.4s
 GET /account 404 in 3.3s (compile: 1137ms, render: 2.1s)

-----
[1m[31mFATAL[39m[0m: An unexpected Turbopack error occurred. A panic log has been written to C:\Users\arzap\AppData\Local\Temp\next-panic-e554eeb43ed6b36fee1221e4ed151a00.log.

To help make Turbopack better, report this error by clicking here: https://github.com/vercel/next.js/discussions/new?category=turbopack-error-report&title=Turbopack%20Error%3A%20Failed%20to%20write%20app%20endpoint%20%2Fpage&body=Turbopack%20version%3A%20%6023c46498%60%0ANext.js%20version%3A%20%600.0.0%60%0A%0AError%20message%3A%0A%60%60%60%0ATurbopack%20Error%3A%20Failed%20to%20write%20app%20endpoint%20%2Fpage%0A%60%60%60&labels=Turbopack,Turbopack%20Panic%20Backtrace
-----

✓ Finished writing to filesystem cache in 11.7s

-----
[1m[31mFATAL[39m[0m: An unexpected Turbopack error occurred. A panic log has been written to C:\Users\arzap\AppData\Local\Temp\next-panic-e554eeb43ed6b36fee1221e4ed151a00.log.

To help make Turbopack better, report this error by clicking here: https://github.com/vercel/next.js/discussions/new?category=turbopack-error-report&title=Turbopack%20Error%3A%20Failed%20to%20write%20app%20endpoint%20%2Fpage&body=Turbopack%20version%3A%20%6023c46498%60%0ANext.js%20version%3A%20%600.0.0%60%0A%0AError%20message%3A%0A%60%60%60%0ATurbopack%20Error%3A%20Failed%20to%20write%20app%20endpoint%20%2Fpage%0A%60%60%60&labels=Turbopack,Turbopack%20Panic%20Backtrace
-----

 GET / 200 in 85s (compile: 37.4s, render: 47s)

-----
[1m[31mFATAL[39m[0m: An unexpected Turbopack error occurred. A panic log has been written to C:\Users\arzap\AppData\Local\Temp\next-panic-e554eeb43ed6b36fee1221e4ed151a00.log.

To help make Turbopack better, report this error by clicking here: https://github.com/vercel/next.js/discussions/new?category=turbopack-error-report&title=Turbopack%20Error%3A%20Failed%20to%20write%20app%20endpoint%20%2Fpage&body=Turbopack%20version%3A%20%6023c46498%60%0ANext.js%20version%3A%20%600.0.0%60%0A%0AError%20message%3A%0A%60%60%60%0ATurbopack%20Error%3A%20Failed%20to%20write%20app%20endpoint%20%2Fpage%0A%60%60%60&labels=Turbopack,Turbopack%20Panic%20Backtrace
-----


-----
[1m[31mFATAL[39m[0m: An unexpected Turbopack error occurred. A panic log has been written to C:\Users\arzap\AppData\Local\Temp\next-panic-e554eeb43ed6b36fee1221e4ed151a00.log.

To help make Turbopack better, report this error by clicking here: https://github.com/vercel/next.js/discussions/new?category=turbopack-error-report&title=Turbopack%20Error%3A%20Failed%20to%20write%20app%20endpoint%20%2Fpage&body=Turbopack%20version%3A%20%6023c46498%60%0ANext.js%20version%3A%20%600.0.0%60%0A%0AError%20message%3A%0A%60%60%60%0ATurbopack%20Error%3A%20Failed%20to%20write%20app%20endpoint%20%2Fpage%0A%60%60%60&labels=Turbopack,Turbopack%20Panic%20Backtrace
-----

 GET / 200 in 24.2s (compile: 870ms, render: 23.4s)
 GET / 200 in 5.4s (compile: 117ms, render: 5.3s)
 GET /account 404 in 465ms (compile: 32ms, render: 433ms)

-----
[1m[31mFATAL[39m[0m: An unexpected Turbopack error occurred. A panic log has been written to C:\Users\arzap\AppData\Local\Temp\next-panic-e554eeb43ed6b36fee1221e4ed151a00.log.

To help make Turbopack better, report this error by clicking here: https://github.com/vercel/next.js/discussions/new?category=turbopack-error-report&title=Turbopack%20Error%3A%20Failed%20to%20write%20app%20endpoint%20%2Fpage&body=Turbopack%20version%3A%20%6023c46498%60%0ANext.js%20version%3A%20%600.0.0%60%0A%0AError%20message%3A%0A%60%60%60%0ATurbopack%20Error%3A%20Failed%20to%20write%20app%20endpoint%20%2Fpage%0A%60%60%60&labels=Turbopack,Turbopack%20Panic%20Backtrace
-----

[?25h
